province,province_zh,date,search_index,policy_date,did,days_to_policy
Beijing,北京,2024-06-01,150,2024-08-26,0,-86
Beijing,北京,2024-06-02,137,2024-08-26,0,-85
Beijing,北京,2024-06-03,290,2024-08-26,0,-84
Beijing,北京,2024-06-04,257,2024-08-26,0,-83
Beijing,北京,2024-06-05,228,2024-08-26,0,-82
Beijing,北京,2024-06-06,213,2024-08-26,0,-81
Beijing,北京,2024-06-07,207,2024-08-26,0,-80
Beijing,北京,2024-06-08,183,2024-08-26,0,-79
Beijing,北京,2024-06-09,149,2024-08-26,0,-78
Beijing,北京,2024-06-10,135,2024-08-26,0,-77
Beijing,北京,2024-06-11,238,2024-08-26,0,-76
Beijing,北京,2024-06-12,258,2024-08-26,0,-75
Beijing,北京,2024-06-13,275,2024-08-26,0,-74
Beijing,北京,2024-06-14,249,2024-08-26,0,-73
Beijing,北京,2024-06-15,186,2024-08-26,0,-72
Beijing,北京,2024-06-16,205,2024-08-26,0,-71
Beijing,北京,2024-06-17,248,2024-08-26,0,-70
Beijing,北京,2024-06-18,331,2024-08-26,0,-69
Beijing,北京,2024-06-19,205,2024-08-26,0,-68
Beijing,北京,2024-06-20,201,2024-08-26,0,-67
Beijing,北京,2024-06-21,189,2024-08-26,0,-66
Beijing,北京,2024-06-22,199,2024-08-26,0,-65
Beijing,北京,2024-06-23,141,2024-08-26,0,-64
Beijing,北京,2024-06-24,173,2024-08-26,0,-63
Beijing,北京,2024-06-25,214,2024-08-26,0,-62
Beijing,北京,2024-06-26,199,2024-08-26,0,-61
Beijing,北京,2024-06-27,196,2024-08-26,0,-60
Beijing,北京,2024-06-28,170,2024-08-26,0,-59
Beijing,北京,2024-06-29,132,2024-08-26,0,-58
Beijing,北京,2024-06-30,135,2024-08-26,0,-57
Beijing,北京,2024-07-01,198,2024-08-26,0,-56
Beijing,北京,2024-07-02,176,2024-08-26,0,-55
Beijing,北京,2024-07-03,162,2024-08-26,0,-54
Beijing,北京,2024-07-04,181,2024-08-26,0,-53
Beijing,北京,2024-07-05,219,2024-08-26,0,-52
Beijing,北京,2024-07-06,126,2024-08-26,0,-51
Beijing,北京,2024-07-07,137,2024-08-26,0,-50
Beijing,北京,2024-07-08,197,2024-08-26,0,-49
Beijing,北京,2024-07-09,261,2024-08-26,0,-48
Beijing,北京,2024-07-10,168,2024-08-26,0,-47
Beijing,北京,2024-07-11,153,2024-08-26,0,-46
Beijing,北京,2024-07-12,251,2024-08-26,0,-45
Beijing,北京,2024-07-13,139,2024-08-26,0,-44
Beijing,北京,2024-07-14,136,2024-08-26,0,-43
Beijing,北京,2024-07-15,167,2024-08-26,0,-42
Beijing,北京,2024-07-16,171,2024-08-26,0,-41
Beijing,北京,2024-07-17,187,2024-08-26,0,-40
Beijing,北京,2024-07-18,173,2024-08-26,0,-39
Beijing,北京,2024-07-19,222,2024-08-26,0,-38
Beijing,北京,2024-07-20,226,2024-08-26,0,-37
Beijing,北京,2024-07-21,172,2024-08-26,0,-36
Beijing,北京,2024-07-22,262,2024-08-26,0,-35
Beijing,北京,2024-07-23,192,2024-08-26,0,-34
Beijing,北京,2024-07-24,168,2024-08-26,0,-33
Beijing,北京,2024-07-25,361,2024-08-26,0,-32
Beijing,北京,2024-07-26,533,2024-08-26,0,-31
Beijing,北京,2024-07-27,303,2024-08-26,0,-30
Beijing,北京,2024-07-28,314,2024-08-26,0,-29
Beijing,北京,2024-07-29,376,2024-08-26,0,-28
Beijing,北京,2024-07-30,380,2024-08-26,0,-27
Beijing,北京,2024-07-31,338,2024-08-26,0,-26
Beijing,北京,2024-08-01,307,2024-08-26,0,-25
Beijing,北京,2024-08-02,333,2024-08-26,0,-24
Beijing,北京,2024-08-03,251,2024-08-26,0,-23
Beijing,北京,2024-08-04,139,2024-08-26,0,-22
Beijing,北京,2024-08-05,327,2024-08-26,0,-21
Beijing,北京,2024-08-06,351,2024-08-26,0,-20
Beijing,北京,2024-08-07,268,2024-08-26,0,-19
Beijing,北京,2024-08-08,263,2024-08-26,0,-18
Beijing,北京,2024-08-09,320,2024-08-26,0,-17
Beijing,北京,2024-08-10,134,2024-08-26,0,-16
Beijing,北京,2024-08-11,207,2024-08-26,0,-15
Beijing,北京,2024-08-12,261,2024-08-26,0,-14
Beijing,北京,2024-08-13,311,2024-08-26,0,-13
Beijing,北京,2024-08-14,291,2024-08-26,0,-12
Beijing,北京,2024-08-15,305,2024-08-26,0,-11
Beijing,北京,2024-08-16,285,2024-08-26,0,-10
Beijing,北京,2024-08-17,178,2024-08-26,0,-9
Beijing,北京,2024-08-18,220,2024-08-26,0,-8
Beijing,北京,2024-08-19,265,2024-08-26,0,-7
Beijing,北京,2024-08-20,348,2024-08-26,0,-6
Beijing,北京,2024-08-21,203,2024-08-26,0,-5
Beijing,北京,2024-08-22,268,2024-08-26,0,-4
Beijing,北京,2024-08-23,310,2024-08-26,0,-3
Beijing,北京,2024-08-24,221,2024-08-26,0,-2
Beijing,北京,2024-08-25,284,2024-08-26,0,-1
Beijing,北京,2024-08-26,506,2024-08-26,1,0
Beijing,北京,2024-08-27,452,2024-08-26,1,1
Beijing,北京,2024-08-28,488,2024-08-26,1,2
Beijing,北京,2024-08-29,458,2024-08-26,1,3
Beijing,北京,2024-08-30,464,2024-08-26,1,4
Beijing,北京,2024-08-31,320,2024-08-26,1,5
Beijing,北京,2024-09-01,319,2024-08-26,1,6
Beijing,北京,2024-09-02,405,2024-08-26,1,7
Beijing,北京,2024-09-03,427,2024-08-26,1,8
Beijing,北京,2024-09-04,411,2024-08-26,1,9
Beijing,北京,2024-09-05,418,2024-08-26,1,10
Beijing,北京,2024-09-06,401,2024-08-26,1,11
Beijing,北京,2024-09-07,303,2024-08-26,1,12
Beijing,北京,2024-09-08,281,2024-08-26,1,13
Beijing,北京,2024-09-09,388,2024-08-26,1,14
Beijing,北京,2024-09-10,365,2024-08-26,1,15
Beijing,北京,2024-09-11,372,2024-08-26,1,16
Beijing,北京,2024-09-12,362,2024-08-26,1,17
Beijing,北京,2024-09-13,349,2024-08-26,1,18
Beijing,北京,2024-09-14,338,2024-08-26,1,19
Beijing,北京,2024-09-15,234,2024-08-26,1,20
Beijing,北京,2024-09-16,277,2024-08-26,1,21
Beijing,北京,2024-09-17,308,2024-08-26,1,22
Beijing,北京,2024-09-18,399,2024-08-26,1,23
Beijing,北京,2024-09-19,372,2024-08-26,1,24
Beijing,北京,2024-09-20,385,2024-08-26,1,25
Beijing,北京,2024-09-21,304,2024-08-26,1,26
Beijing,北京,2024-09-22,316,2024-08-26,1,27
Beijing,北京,2024-09-23,397,2024-08-26,1,28
Beijing,北京,2024-09-24,400,2024-08-26,1,29
Beijing,北京,2024-09-25,378,2024-08-26,1,30
Beijing,北京,2024-09-26,383,2024-08-26,1,31
Beijing,北京,2024-09-27,377,2024-08-26,1,32
Beijing,北京,2024-09-28,284,2024-08-26,1,33
Beijing,北京,2024-09-29,360,2024-08-26,1,34
Beijing,北京,2024-09-30,313,2024-08-26,1,35
Beijing,北京,2024-10-01,279,2024-08-26,1,36
Beijing,北京,2024-10-02,270,2024-08-26,1,37
Beijing,北京,2024-10-03,216,2024-08-26,1,38
Beijing,北京,2024-10-04,219,2024-08-26,1,39
Beijing,北京,2024-10-05,224,2024-08-26,1,40
Beijing,北京,2024-10-06,224,2024-08-26,1,41
Beijing,北京,2024-10-07,248,2024-08-26,1,42
Beijing,北京,2024-10-08,403,2024-08-26,1,43
Beijing,北京,2024-10-09,400,2024-08-26,1,44
Beijing,北京,2024-10-10,360,2024-08-26,1,45
Beijing,北京,2024-10-11,339,2024-08-26,1,46
Beijing,北京,2024-10-12,358,2024-08-26,1,47
Beijing,北京,2024-10-13,300,2024-08-26,1,48
Beijing,北京,2024-10-14,367,2024-08-26,1,49
Beijing,北京,2024-10-15,363,2024-08-26,1,50
Beijing,北京,2024-10-16,370,2024-08-26,1,51
Beijing,北京,2024-10-17,351,2024-08-26,1,52
Beijing,北京,2024-10-18,365,2024-08-26,1,53
Beijing,北京,2024-10-19,297,2024-08-26,1,54
Beijing,北京,2024-10-20,244,2024-08-26,1,55
Beijing,北京,2024-10-21,375,2024-08-26,1,56
Beijing,北京,2024-10-22,367,2024-08-26,1,57
Beijing,北京,2024-10-23,389,2024-08-26,1,58
Beijing,北京,2024-10-24,344,2024-08-26,1,59
Beijing,北京,2024-10-25,352,2024-08-26,1,60
Beijing,北京,2024-10-26,311,2024-08-26,1,61
Beijing,北京,2024-10-27,292,2024-08-26,1,62
Beijing,北京,2024-10-28,360,2024-08-26,1,63
Beijing,北京,2024-10-29,372,2024-08-26,1,64
Beijing,北京,2024-10-30,376,2024-08-26,1,65
Beijing,北京,2024-10-31,337,2024-08-26,1,66
Beijing,北京,2024-11-01,361,2024-08-26,1,67
Beijing,北京,2024-11-02,277,2024-08-26,1,68
Beijing,北京,2024-11-03,228,2024-08-26,1,69
Beijing,北京,2024-11-04,363,2024-08-26,1,70
Beijing,北京,2024-11-05,330,2024-08-26,1,71
Beijing,北京,2024-11-06,323,2024-08-26,1,72
Beijing,北京,2024-11-07,304,2024-08-26,1,73
Beijing,北京,2024-11-08,301,2024-08-26,1,74
Beijing,北京,2024-11-09,284,2024-08-26,1,75
Beijing,北京,2024-11-10,297,2024-08-26,1,76
Beijing,北京,2024-11-11,349,2024-08-26,1,77
Beijing,北京,2024-11-12,334,2024-08-26,1,78
Beijing,北京,2024-11-13,315,2024-08-26,1,79
Beijing,北京,2024-11-14,319,2024-08-26,1,80
Beijing,北京,2024-11-15,309,2024-08-26,1,81
Beijing,北京,2024-11-16,224,2024-08-26,1,82
Beijing,北京,2024-11-17,327,2024-08-26,1,83
Beijing,北京,2024-11-18,338,2024-08-26,1,84
Beijing,北京,2024-11-19,306,2024-08-26,1,85
Beijing,北京,2024-11-20,273,2024-08-26,1,86
Beijing,北京,2024-11-21,370,2024-08-26,1,87
Beijing,北京,2024-11-22,411,2024-08-26,1,88
Beijing,北京,2024-11-23,268,2024-08-26,1,89
Beijing,北京,2024-11-24,230,2024-08-26,1,90
Beijing,北京,2024-11-25,332,2024-08-26,1,91
Beijing,北京,2024-11-26,343,2024-08-26,1,92
Beijing,北京,2024-11-27,326,2024-08-26,1,93
Beijing,北京,2024-11-28,361,2024-08-26,1,94
Beijing,北京,2024-11-29,320,2024-08-26,1,95
Beijing,北京,2024-11-30,276,2024-08-26,1,96
Beijing,北京,2024-12-01,268,2024-08-26,1,97
Beijing,北京,2024-12-02,349,2024-08-26,1,98
Beijing,北京,2024-12-03,292,2024-08-26,1,99
Beijing,北京,2024-12-04,333,2024-08-26,1,100
Beijing,北京,2024-12-05,333,2024-08-26,1,101
Beijing,北京,2024-12-06,308,2024-08-26,1,102
Beijing,北京,2024-12-07,256,2024-08-26,1,103
Beijing,北京,2024-12-08,282,2024-08-26,1,104
Beijing,北京,2024-12-09,341,2024-08-26,1,105
Beijing,北京,2024-12-10,335,2024-08-26,1,106
Beijing,北京,2024-12-11,327,2024-08-26,1,107
Beijing,北京,2024-12-12,327,2024-08-26,1,108
Beijing,北京,2024-12-13,354,2024-08-26,1,109
Beijing,北京,2024-12-14,245,2024-08-26,1,110
Beijing,北京,2024-12-15,271,2024-08-26,1,111
Beijing,北京,2024-12-16,325,2024-08-26,1,112
Beijing,北京,2024-12-17,321,2024-08-26,1,113
Beijing,北京,2024-12-18,340,2024-08-26,1,114
Beijing,北京,2024-12-19,325,2024-08-26,1,115
Beijing,北京,2024-12-20,321,2024-08-26,1,116
Beijing,北京,2024-12-21,261,2024-08-26,1,117
Beijing,北京,2024-12-22,262,2024-08-26,1,118
Beijing,北京,2024-12-23,335,2024-08-26,1,119
Beijing,北京,2024-12-24,358,2024-08-26,1,120
Beijing,北京,2024-12-25,320,2024-08-26,1,121
Beijing,北京,2024-12-26,296,2024-08-26,1,122
Beijing,北京,2024-12-27,315,2024-08-26,1,123
Beijing,北京,2024-12-28,197,2024-08-26,1,124
Beijing,北京,2024-12-29,280,2024-08-26,1,125
Beijing,北京,2024-12-30,298,2024-08-26,1,126
Beijing,北京,2024-12-31,321,2024-08-26,1,127
Guangdong,广东,2024-06-01,237,2024-08-29,0,-89
Guangdong,广东,2024-06-02,274,2024-08-29,0,-88
Guangdong,广东,2024-06-03,416,2024-08-29,0,-87
Guangdong,广东,2024-06-04,355,2024-08-29,0,-86
Guangdong,广东,2024-06-05,279,2024-08-29,0,-85
Guangdong,广东,2024-06-06,185,2024-08-29,0,-84
Guangdong,广东,2024-06-07,284,2024-08-29,0,-83
Guangdong,广东,2024-06-08,236,2024-08-29,0,-82
Guangdong,广东,2024-06-09,186,2024-08-29,0,-81
Guangdong,广东,2024-06-10,244,2024-08-29,0,-80
Guangdong,广东,2024-06-11,345,2024-08-29,0,-79
Guangdong,广东,2024-06-12,231,2024-08-29,0,-78
Guangdong,广东,2024-06-13,282,2024-08-29,0,-77
Guangdong,广东,2024-06-14,285,2024-08-29,0,-76
Guangdong,广东,2024-06-15,307,2024-08-29,0,-75
Guangdong,广东,2024-06-16,179,2024-08-29,0,-74
Guangdong,广东,2024-06-17,307,2024-08-29,0,-73
Guangdong,广东,2024-06-18,386,2024-08-29,0,-72
Guangdong,广东,2024-06-19,266,2024-08-29,0,-71
Guangdong,广东,2024-06-20,212,2024-08-29,0,-70
Guangdong,广东,2024-06-21,224,2024-08-29,0,-69
Guangdong,广东,2024-06-22,183,2024-08-29,0,-68
Guangdong,广东,2024-06-23,163,2024-08-29,0,-67
Guangdong,广东,2024-06-24,218,2024-08-29,0,-66
Guangdong,广东,2024-06-25,218,2024-08-29,0,-65
Guangdong,广东,2024-06-26,275,2024-08-29,0,-64
Guangdong,广东,2024-06-27,193,2024-08-29,0,-63
Guangdong,广东,2024-06-28,177,2024-08-29,0,-62
Guangdong,广东,2024-06-29,165,2024-08-29,0,-61
Guangdong,广东,2024-06-30,219,2024-08-29,0,-60
Guangdong,广东,2024-07-01,193,2024-08-29,0,-59
Guangdong,广东,2024-07-02,190,2024-08-29,0,-58
Guangdong,广东,2024-07-03,290,2024-08-29,0,-57
Guangdong,广东,2024-07-04,193,2024-08-29,0,-56
Guangdong,广东,2024-07-05,170,2024-08-29,0,-55
Guangdong,广东,2024-07-06,215,2024-08-29,0,-54
Guangdong,广东,2024-07-07,224,2024-08-29,0,-53
Guangdong,广东,2024-07-08,205,2024-08-29,0,-52
Guangdong,广东,2024-07-09,206,2024-08-29,0,-51
Guangdong,广东,2024-07-10,186,2024-08-29,0,-50
Guangdong,广东,2024-07-11,194,2024-08-29,0,-49
Guangdong,广东,2024-07-12,180,2024-08-29,0,-48
Guangdong,广东,2024-07-13,148,2024-08-29,0,-47
Guangdong,广东,2024-07-14,158,2024-08-29,0,-46
Guangdong,广东,2024-07-15,202,2024-08-29,0,-45
Guangdong,广东,2024-07-16,203,2024-08-29,0,-44
Guangdong,广东,2024-07-17,175,2024-08-29,0,-43
Guangdong,广东,2024-07-18,248,2024-08-29,0,-42
Guangdong,广东,2024-07-19,252,2024-08-29,0,-41
Guangdong,广东,2024-07-20,242,2024-08-29,0,-40
Guangdong,广东,2024-07-21,183,2024-08-29,0,-39
Guangdong,广东,2024-07-22,251,2024-08-29,0,-38
Guangdong,广东,2024-07-23,271,2024-08-29,0,-37
Guangdong,广东,2024-07-24,234,2024-08-29,0,-36
Guangdong,广东,2024-07-25,470,2024-08-29,0,-35
Guangdong,广东,2024-07-26,726,2024-08-29,0,-34
Guangdong,广东,2024-07-27,364,2024-08-29,0,-33
Guangdong,广东,2024-07-28,354,2024-08-29,0,-32
Guangdong,广东,2024-07-29,428,2024-08-29,0,-31
Guangdong,广东,2024-07-30,403,2024-08-29,0,-30
Guangdong,广东,2024-07-31,371,2024-08-29,0,-29
Guangdong,广东,2024-08-01,343,2024-08-29,0,-28
Guangdong,广东,2024-08-02,348,2024-08-29,0,-27
Guangdong,广东,2024-08-03,304,2024-08-29,0,-26
Guangdong,广东,2024-08-04,299,2024-08-29,0,-25
Guangdong,广东,2024-08-05,379,2024-08-29,0,-24
Guangdong,广东,2024-08-06,355,2024-08-29,0,-23
Guangdong,广东,2024-08-07,328,2024-08-29,0,-22
Guangdong,广东,2024-08-08,329,2024-08-29,0,-21
Guangdong,广东,2024-08-09,318,2024-08-29,0,-20
Guangdong,广东,2024-08-10,156,2024-08-29,0,-19
Guangdong,广东,2024-08-11,245,2024-08-29,0,-18
Guangdong,广东,2024-08-12,329,2024-08-29,0,-17
Guangdong,广东,2024-08-13,365,2024-08-29,0,-16
Guangdong,广东,2024-08-14,345,2024-08-29,0,-15
Guangdong,广东,2024-08-15,249,2024-08-29,0,-14
Guangdong,广东,2024-08-16,342,2024-08-29,0,-13
Guangdong,广东,2024-08-17,316,2024-08-29,0,-12
Guangdong,广东,2024-08-18,263,2024-08-29,0,-11
Guangdong,广东,2024-08-19,377,2024-08-29,0,-10
Guangdong,广东,2024-08-20,356,2024-08-29,0,-9
Guangdong,广东,2024-08-21,362,2024-08-29,0,-8
Guangdong,广东,2024-08-22,346,2024-08-29,0,-7
Guangdong,广东,2024-08-23,331,2024-08-29,0,-6
Guangdong,广东,2024-08-24,245,2024-08-29,0,-5
Guangdong,广东,2024-08-25,356,2024-08-29,0,-4
Guangdong,广东,2024-08-26,570,2024-08-29,0,-3
Guangdong,广东,2024-08-27,456,2024-08-29,0,-2
Guangdong,广东,2024-08-28,465,2024-08-29,0,-1
Guangdong,广东,2024-08-29,508,2024-08-29,1,0
Guangdong,广东,2024-08-30,530,2024-08-29,1,1
Guangdong,广东,2024-08-31,430,2024-08-29,1,2
Guangdong,广东,2024-09-01,432,2024-08-29,1,3
Guangdong,广东,2024-09-02,528,2024-08-29,1,4
Guangdong,广东,2024-09-03,545,2024-08-29,1,5
Guangdong,广东,2024-09-04,530,2024-08-29,1,6
Guangdong,广东,2024-09-05,496,2024-08-29,1,7
Guangdong,广东,2024-09-06,515,2024-08-29,1,8
Guangdong,广东,2024-09-07,429,2024-08-29,1,9
Guangdong,广东,2024-09-08,407,2024-08-29,1,10
Guangdong,广东,2024-09-09,532,2024-08-29,1,11
Guangdong,广东,2024-09-10,552,2024-08-29,1,12
Guangdong,广东,2024-09-11,524,2024-08-29,1,13
Guangdong,广东,2024-09-12,525,2024-08-29,1,14
Guangdong,广东,2024-09-13,498,2024-08-29,1,15
Guangdong,广东,2024-09-14,495,2024-08-29,1,16
Guangdong,广东,2024-09-15,383,2024-08-29,1,17
Guangdong,广东,2024-09-16,376,2024-08-29,1,18
Guangdong,广东,2024-09-17,446,2024-08-29,1,19
Guangdong,广东,2024-09-18,518,2024-08-29,1,20
Guangdong,广东,2024-09-19,521,2024-08-29,1,21
Guangdong,广东,2024-09-20,518,2024-08-29,1,22
Guangdong,广东,2024-09-21,420,2024-08-29,1,23
Guangdong,广东,2024-09-22,395,2024-08-29,1,24
Guangdong,广东,2024-09-23,532,2024-08-29,1,25
Guangdong,广东,2024-09-24,518,2024-08-29,1,26
Guangdong,广东,2024-09-25,553,2024-08-29,1,27
Guangdong,广东,2024-09-26,560,2024-08-29,1,28
Guangdong,广东,2024-09-27,525,2024-08-29,1,29
Guangdong,广东,2024-09-28,417,2024-08-29,1,30
Guangdong,广东,2024-09-29,520,2024-08-29,1,31
Guangdong,广东,2024-09-30,471,2024-08-29,1,32
Guangdong,广东,2024-10-01,360,2024-08-29,1,33
Guangdong,广东,2024-10-02,343,2024-08-29,1,34
Guangdong,广东,2024-10-03,342,2024-08-29,1,35
Guangdong,广东,2024-10-04,360,2024-08-29,1,36
Guangdong,广东,2024-10-05,347,2024-08-29,1,37
Guangdong,广东,2024-10-06,409,2024-08-29,1,38
Guangdong,广东,2024-10-07,392,2024-08-29,1,39
Guangdong,广东,2024-10-08,502,2024-08-29,1,40
Guangdong,广东,2024-10-09,522,2024-08-29,1,41
Guangdong,广东,2024-10-10,464,2024-08-29,1,42
Guangdong,广东,2024-10-11,450,2024-08-29,1,43
Guangdong,广东,2024-10-12,439,2024-08-29,1,44
Guangdong,广东,2024-10-13,372,2024-08-29,1,45
Guangdong,广东,2024-10-14,497,2024-08-29,1,46
Guangdong,广东,2024-10-15,486,2024-08-29,1,47
Guangdong,广东,2024-10-16,502,2024-08-29,1,48
Guangdong,广东,2024-10-17,518,2024-08-29,1,49
Guangdong,广东,2024-10-18,510,2024-08-29,1,50
Guangdong,广东,2024-10-19,433,2024-08-29,1,51
Guangdong,广东,2024-10-20,445,2024-08-29,1,52
Guangdong,广东,2024-10-21,551,2024-08-29,1,53
Guangdong,广东,2024-10-22,585,2024-08-29,1,54
Guangdong,广东,2024-10-23,541,2024-08-29,1,55
Guangdong,广东,2024-10-24,470,2024-08-29,1,56
Guangdong,广东,2024-10-25,473,2024-08-29,1,57
Guangdong,广东,2024-10-26,401,2024-08-29,1,58
Guangdong,广东,2024-10-27,398,2024-08-29,1,59
Guangdong,广东,2024-10-28,510,2024-08-29,1,60
Guangdong,广东,2024-10-29,501,2024-08-29,1,61
Guangdong,广东,2024-10-30,517,2024-08-29,1,62
Guangdong,广东,2024-10-31,471,2024-08-29,1,63
Guangdong,广东,2024-11-01,483,2024-08-29,1,64
Guangdong,广东,2024-11-02,378,2024-08-29,1,65
Guangdong,广东,2024-11-03,377,2024-08-29,1,66
Guangdong,广东,2024-11-04,431,2024-08-29,1,67
Guangdong,广东,2024-11-05,432,2024-08-29,1,68
Guangdong,广东,2024-11-06,400,2024-08-29,1,69
Guangdong,广东,2024-11-07,413,2024-08-29,1,70
Guangdong,广东,2024-11-08,415,2024-08-29,1,71
Guangdong,广东,2024-11-09,355,2024-08-29,1,72
Guangdong,广东,2024-11-10,419,2024-08-29,1,73
Guangdong,广东,2024-11-11,460,2024-08-29,1,74
Guangdong,广东,2024-11-12,439,2024-08-29,1,75
Guangdong,广东,2024-11-13,396,2024-08-29,1,76
Guangdong,广东,2024-11-14,459,2024-08-29,1,77
Guangdong,广东,2024-11-15,398,2024-08-29,1,78
Guangdong,广东,2024-11-16,432,2024-08-29,1,79
Guangdong,广东,2024-11-17,421,2024-08-29,1,80
Guangdong,广东,2024-11-18,450,2024-08-29,1,81
Guangdong,广东,2024-11-19,439,2024-08-29,1,82
Guangdong,广东,2024-11-20,632,2024-08-29,1,83
Guangdong,广东,2024-11-21,642,2024-08-29,1,84
Guangdong,广东,2024-11-22,809,2024-08-29,1,85
Guangdong,广东,2024-11-23,389,2024-08-29,1,86
Guangdong,广东,2024-11-24,368,2024-08-29,1,87
Guangdong,广东,2024-11-25,399,2024-08-29,1,88
Guangdong,广东,2024-11-26,371,2024-08-29,1,89
Guangdong,广东,2024-11-27,373,2024-08-29,1,90
Guangdong,广东,2024-11-28,423,2024-08-29,1,91
Guangdong,广东,2024-11-29,399,2024-08-29,1,92
Guangdong,广东,2024-11-30,355,2024-08-29,1,93
Guangdong,广东,2024-12-01,336,2024-08-29,1,94
Guangdong,广东,2024-12-02,389,2024-08-29,1,95
Guangdong,广东,2024-12-03,396,2024-08-29,1,96
Guangdong,广东,2024-12-04,359,2024-08-29,1,97
Guangdong,广东,2024-12-05,356,2024-08-29,1,98
Guangdong,广东,2024-12-06,383,2024-08-29,1,99
Guangdong,广东,2024-12-07,326,2024-08-29,1,100
Guangdong,广东,2024-12-08,340,2024-08-29,1,101
Guangdong,广东,2024-12-09,378,2024-08-29,1,102
Guangdong,广东,2024-12-10,381,2024-08-29,1,103
Guangdong,广东,2024-12-11,343,2024-08-29,1,104
Guangdong,广东,2024-12-12,368,2024-08-29,1,105
Guangdong,广东,2024-12-13,355,2024-08-29,1,106
Guangdong,广东,2024-12-14,307,2024-08-29,1,107
Guangdong,广东,2024-12-15,325,2024-08-29,1,108
Guangdong,广东,2024-12-16,341,2024-08-29,1,109
Guangdong,广东,2024-12-17,352,2024-08-29,1,110
Guangdong,广东,2024-12-18,373,2024-08-29,1,111
Guangdong,广东,2024-12-19,380,2024-08-29,1,112
Guangdong,广东,2024-12-20,336,2024-08-29,1,113
Guangdong,广东,2024-12-21,310,2024-08-29,1,114
Guangdong,广东,2024-12-22,311,2024-08-29,1,115
Guangdong,广东,2024-12-23,327,2024-08-29,1,116
Guangdong,广东,2024-12-24,402,2024-08-29,1,117
Guangdong,广东,2024-12-25,370,2024-08-29,1,118
Guangdong,广东,2024-12-26,331,2024-08-29,1,119
Guangdong,广东,2024-12-27,338,2024-08-29,1,120
Guangdong,广东,2024-12-28,287,2024-08-29,1,121
Guangdong,广东,2024-12-29,311,2024-08-29,1,122
Guangdong,广东,2024-12-30,340,2024-08-29,1,123
Guangdong,广东,2024-12-31,336,2024-08-29,1,124
Shanghai,上海,2024-06-01,139,2024-09-07,0,-98
Shanghai,上海,2024-06-02,195,2024-09-07,0,-97
Shanghai,上海,2024-06-03,168,2024-09-07,0,-96
Shanghai,上海,2024-06-04,227,2024-09-07,0,-95
Shanghai,上海,2024-06-05,149,2024-09-07,0,-94
Shanghai,上海,2024-06-06,143,2024-09-07,0,-93
Shanghai,上海,2024-06-07,195,2024-09-07,0,-92
Shanghai,上海,2024-06-08,129,2024-09-07,0,-91
Shanghai,上海,2024-06-09,127,2024-09-07,0,-90
Shanghai,上海,2024-06-10,123,2024-09-07,0,-89
Shanghai,上海,2024-06-11,205,2024-09-07,0,-88
Shanghai,上海,2024-06-12,204,2024-09-07,0,-87
Shanghai,上海,2024-06-13,200,2024-09-07,0,-86
Shanghai,上海,2024-06-14,141,2024-09-07,0,-85
Shanghai,上海,2024-06-15,186,2024-09-07,0,-84
Shanghai,上海,2024-06-16,137,2024-09-07,0,-83
Shanghai,上海,2024-06-17,221,2024-09-07,0,-82
Shanghai,上海,2024-06-18,216,2024-09-07,0,-81
Shanghai,上海,2024-06-19,142,2024-09-07,0,-80
Shanghai,上海,2024-06-20,132,2024-09-07,0,-79
Shanghai,上海,2024-06-21,131,2024-09-07,0,-78
Shanghai,上海,2024-06-22,122,2024-09-07,0,-77
Shanghai,上海,2024-06-23,125,2024-09-07,0,-76
Shanghai,上海,2024-06-24,145,2024-09-07,0,-75
Shanghai,上海,2024-06-25,262,2024-09-07,0,-74
Shanghai,上海,2024-06-26,203,2024-09-07,0,-73
Shanghai,上海,2024-06-27,135,2024-09-07,0,-72
Shanghai,上海,2024-06-28,141,2024-09-07,0,-71
Shanghai,上海,2024-06-29,126,2024-09-07,0,-70
Shanghai,上海,2024-06-30,126,2024-09-07,0,-69
Shanghai,上海,2024-07-01,199,2024-09-07,0,-68
Shanghai,上海,2024-07-02,153,2024-09-07,0,-67
Shanghai,上海,2024-07-03,133,2024-09-07,0,-66
Shanghai,上海,2024-07-04,141,2024-09-07,0,-65
Shanghai,上海,2024-07-05,135,2024-09-07,0,-64
Shanghai,上海,2024-07-06,235,2024-09-07,0,-63
Shanghai,上海,2024-07-07,124,2024-09-07,0,-62
Shanghai,上海,2024-07-08,140,2024-09-07,0,-61
Shanghai,上海,2024-07-09,141,2024-09-07,0,-60
Shanghai,上海,2024-07-10,144,2024-09-07,0,-59
Shanghai,上海,2024-07-11,135,2024-09-07,0,-58
Shanghai,上海,2024-07-12,142,2024-09-07,0,-57
Shanghai,上海,2024-07-13,175,2024-09-07,0,-56
Shanghai,上海,2024-07-14,174,2024-09-07,0,-55
Shanghai,上海,2024-07-15,133,2024-09-07,0,-54
Shanghai,上海,2024-07-16,132,2024-09-07,0,-53
Shanghai,上海,2024-07-17,138,2024-09-07,0,-52
Shanghai,上海,2024-07-18,137,2024-09-07,0,-51
Shanghai,上海,2024-07-19,139,2024-09-07,0,-50
Shanghai,上海,2024-07-20,128,2024-09-07,0,-49
Shanghai,上海,2024-07-21,130,2024-09-07,0,-48
Shanghai,上海,2024-07-22,151,2024-09-07,0,-47
Shanghai,上海,2024-07-23,143,2024-09-07,0,-46
Shanghai,上海,2024-07-24,138,2024-09-07,0,-45
Shanghai,上海,2024-07-25,310,2024-09-07,0,-44
Shanghai,上海,2024-07-26,576,2024-09-07,0,-43
Shanghai,上海,2024-07-27,228,2024-09-07,0,-42
Shanghai,上海,2024-07-28,240,2024-09-07,0,-41
Shanghai,上海,2024-07-29,349,2024-09-07,0,-40
Shanghai,上海,2024-07-30,313,2024-09-07,0,-39
Shanghai,上海,2024-07-31,294,2024-09-07,0,-38
Shanghai,上海,2024-08-01,162,2024-09-07,0,-37
Shanghai,上海,2024-08-02,213,2024-09-07,0,-36
Shanghai,上海,2024-08-03,187,2024-09-07,0,-35
Shanghai,上海,2024-08-04,270,2024-09-07,0,-34
Shanghai,上海,2024-08-05,160,2024-09-07,0,-33
Shanghai,上海,2024-08-06,227,2024-09-07,0,-32
Shanghai,上海,2024-08-07,291,2024-09-07,0,-31
Shanghai,上海,2024-08-08,214,2024-09-07,0,-30
Shanghai,上海,2024-08-09,261,2024-09-07,0,-29
Shanghai,上海,2024-08-10,251,2024-09-07,0,-28
Shanghai,上海,2024-08-11,244,2024-09-07,0,-27
Shanghai,上海,2024-08-12,213,2024-09-07,0,-26
Shanghai,上海,2024-08-13,268,2024-09-07,0,-25
Shanghai,上海,2024-08-14,270,2024-09-07,0,-24
Shanghai,上海,2024-08-15,276,2024-09-07,0,-23
Shanghai,上海,2024-08-16,294,2024-09-07,0,-22
Shanghai,上海,2024-08-17,202,2024-09-07,0,-21
Shanghai,上海,2024-08-18,248,2024-09-07,0,-20
Shanghai,上海,2024-08-19,304,2024-09-07,0,-19
Shanghai,上海,2024-08-20,259,2024-09-07,0,-18
Shanghai,上海,2024-08-21,219,2024-09-07,0,-17
Shanghai,上海,2024-08-22,290,2024-09-07,0,-16
Shanghai,上海,2024-08-23,151,2024-09-07,0,-15
Shanghai,上海,2024-08-24,191,2024-09-07,0,-14
Shanghai,上海,2024-08-25,287,2024-09-07,0,-13
Shanghai,上海,2024-08-26,404,2024-09-07,0,-12
Shanghai,上海,2024-08-27,359,2024-09-07,0,-11
Shanghai,上海,2024-08-28,351,2024-09-07,0,-10
Shanghai,上海,2024-08-29,321,2024-09-07,0,-9
Shanghai,上海,2024-08-30,350,2024-09-07,0,-8
Shanghai,上海,2024-08-31,223,2024-09-07,0,-7
Shanghai,上海,2024-09-01,291,2024-09-07,0,-6
Shanghai,上海,2024-09-02,334,2024-09-07,0,-5
Shanghai,上海,2024-09-03,463,2024-09-07,0,-4
Shanghai,上海,2024-09-04,491,2024-09-07,0,-3
Shanghai,上海,2024-09-05,447,2024-09-07,0,-2
Shanghai,上海,2024-09-06,378,2024-09-07,0,-1
Shanghai,上海,2024-09-07,383,2024-09-07,1,0
Shanghai,上海,2024-09-08,358,2024-09-07,1,1
Shanghai,上海,2024-09-09,491,2024-09-07,1,2
Shanghai,上海,2024-09-10,440,2024-09-07,1,3
Shanghai,上海,2024-09-11,391,2024-09-07,1,4
Shanghai,上海,2024-09-12,369,2024-09-07,1,5
Shanghai,上海,2024-09-13,364,2024-09-07,1,6
Shanghai,上海,2024-09-14,315,2024-09-07,1,7
Shanghai,上海,2024-09-15,286,2024-09-07,1,8
Shanghai,上海,2024-09-16,276,2024-09-07,1,9
Shanghai,上海,2024-09-17,337,2024-09-07,1,10
Shanghai,上海,2024-09-18,392,2024-09-07,1,11
Shanghai,上海,2024-09-19,368,2024-09-07,1,12
Shanghai,上海,2024-09-20,344,2024-09-07,1,13
Shanghai,上海,2024-09-21,315,2024-09-07,1,14
Shanghai,上海,2024-09-22,305,2024-09-07,1,15
Shanghai,上海,2024-09-23,356,2024-09-07,1,16
Shanghai,上海,2024-09-24,339,2024-09-07,1,17
Shanghai,上海,2024-09-25,385,2024-09-07,1,18
Shanghai,上海,2024-09-26,338,2024-09-07,1,19
Shanghai,上海,2024-09-27,325,2024-09-07,1,20
Shanghai,上海,2024-09-28,301,2024-09-07,1,21
Shanghai,上海,2024-09-29,324,2024-09-07,1,22
Shanghai,上海,2024-09-30,317,2024-09-07,1,23
Shanghai,上海,2024-10-01,278,2024-09-07,1,24
Shanghai,上海,2024-10-02,280,2024-09-07,1,25
Shanghai,上海,2024-10-03,205,2024-09-07,1,26
Shanghai,上海,2024-10-04,269,2024-09-07,1,27
Shanghai,上海,2024-10-05,288,2024-09-07,1,28
Shanghai,上海,2024-10-06,284,2024-09-07,1,29
Shanghai,上海,2024-10-07,275,2024-09-07,1,30
Shanghai,上海,2024-10-08,351,2024-09-07,1,31
Shanghai,上海,2024-10-09,303,2024-09-07,1,32
Shanghai,上海,2024-10-10,314,2024-09-07,1,33
Shanghai,上海,2024-10-11,307,2024-09-07,1,34
Shanghai,上海,2024-10-12,310,2024-09-07,1,35
Shanghai,上海,2024-10-13,297,2024-09-07,1,36
Shanghai,上海,2024-10-14,351,2024-09-07,1,37
Shanghai,上海,2024-10-15,345,2024-09-07,1,38
Shanghai,上海,2024-10-16,325,2024-09-07,1,39
Shanghai,上海,2024-10-17,318,2024-09-07,1,40
Shanghai,上海,2024-10-18,317,2024-09-07,1,41
Shanghai,上海,2024-10-19,231,2024-09-07,1,42
Shanghai,上海,2024-10-20,283,2024-09-07,1,43
Shanghai,上海,2024-10-21,351,2024-09-07,1,44
Shanghai,上海,2024-10-22,320,2024-09-07,1,45
Shanghai,上海,2024-10-23,305,2024-09-07,1,46
Shanghai,上海,2024-10-24,307,2024-09-07,1,47
Shanghai,上海,2024-10-25,297,2024-09-07,1,48
Shanghai,上海,2024-10-26,288,2024-09-07,1,49
Shanghai,上海,2024-10-27,297,2024-09-07,1,50
Shanghai,上海,2024-10-28,312,2024-09-07,1,51
Shanghai,上海,2024-10-29,316,2024-09-07,1,52
Shanghai,上海,2024-10-30,301,2024-09-07,1,53
Shanghai,上海,2024-10-31,309,2024-09-07,1,54
Shanghai,上海,2024-11-01,309,2024-09-07,1,55
Shanghai,上海,2024-11-02,274,2024-09-07,1,56
Shanghai,上海,2024-11-03,223,2024-09-07,1,57
Shanghai,上海,2024-11-04,307,2024-09-07,1,58
Shanghai,上海,2024-11-05,287,2024-09-07,1,59
Shanghai,上海,2024-11-06,282,2024-09-07,1,60
Shanghai,上海,2024-11-07,294,2024-09-07,1,61
Shanghai,上海,2024-11-08,315,2024-09-07,1,62
Shanghai,上海,2024-11-09,292,2024-09-07,1,63
Shanghai,上海,2024-11-10,289,2024-09-07,1,64
Shanghai,上海,2024-11-11,299,2024-09-07,1,65
Shanghai,上海,2024-11-12,288,2024-09-07,1,66
Shanghai,上海,2024-11-13,269,2024-09-07,1,67
Shanghai,上海,2024-11-14,262,2024-09-07,1,68
Shanghai,上海,2024-11-15,312,2024-09-07,1,69
Shanghai,上海,2024-11-16,236,2024-09-07,1,70
Shanghai,上海,2024-11-17,322,2024-09-07,1,71
Shanghai,上海,2024-11-18,296,2024-09-07,1,72
Shanghai,上海,2024-11-19,298,2024-09-07,1,73
Shanghai,上海,2024-11-20,323,2024-09-07,1,74
Shanghai,上海,2024-11-21,310,2024-09-07,1,75
Shanghai,上海,2024-11-22,317,2024-09-07,1,76
Shanghai,上海,2024-11-23,262,2024-09-07,1,77
Shanghai,上海,2024-11-24,268,2024-09-07,1,78
Shanghai,上海,2024-11-25,335,2024-09-07,1,79
Shanghai,上海,2024-11-26,273,2024-09-07,1,80
Shanghai,上海,2024-11-27,286,2024-09-07,1,81
Shanghai,上海,2024-11-28,291,2024-09-07,1,82
Shanghai,上海,2024-11-29,268,2024-09-07,1,83
Shanghai,上海,2024-11-30,194,2024-09-07,1,84
Shanghai,上海,2024-12-01,258,2024-09-07,1,85
Shanghai,上海,2024-12-02,282,2024-09-07,1,86
Shanghai,上海,2024-12-03,280,2024-09-07,1,87
Shanghai,上海,2024-12-04,262,2024-09-07,1,88
Shanghai,上海,2024-12-05,280,2024-09-07,1,89
Shanghai,上海,2024-12-06,271,2024-09-07,1,90
Shanghai,上海,2024-12-07,257,2024-09-07,1,91
Shanghai,上海,2024-12-08,265,2024-09-07,1,92
Shanghai,上海,2024-12-09,288,2024-09-07,1,93
Shanghai,上海,2024-12-10,292,2024-09-07,1,94
Shanghai,上海,2024-12-11,281,2024-09-07,1,95
Shanghai,上海,2024-12-12,312,2024-09-07,1,96
Shanghai,上海,2024-12-13,264,2024-09-07,1,97
Shanghai,上海,2024-12-14,254,2024-09-07,1,98
Shanghai,上海,2024-12-15,262,2024-09-07,1,99
Shanghai,上海,2024-12-16,292,2024-09-07,1,100
Shanghai,上海,2024-12-17,298,2024-09-07,1,101
Shanghai,上海,2024-12-18,281,2024-09-07,1,102
Shanghai,上海,2024-12-19,259,2024-09-07,1,103
Shanghai,上海,2024-12-20,285,2024-09-07,1,104
Shanghai,上海,2024-12-21,266,2024-09-07,1,105
Shanghai,上海,2024-12-22,258,2024-09-07,1,106
Shanghai,上海,2024-12-23,288,2024-09-07,1,107
Shanghai,上海,2024-12-24,285,2024-09-07,1,108
Shanghai,上海,2024-12-25,267,2024-09-07,1,109
Shanghai,上海,2024-12-26,279,2024-09-07,1,110
Shanghai,上海,2024-12-27,271,2024-09-07,1,111
Shanghai,上海,2024-12-28,246,2024-09-07,1,112
Shanghai,上海,2024-12-29,250,2024-09-07,1,113
Shanghai,上海,2024-12-30,289,2024-09-07,1,114
Shanghai,上海,2024-12-31,276,2024-09-07,1,115
Sichuan,四川,2024-06-01,144,2024-08-26,0,-86
Sichuan,四川,2024-06-02,207,2024-08-26,0,-85
Sichuan,四川,2024-06-03,242,2024-08-26,0,-84
Sichuan,四川,2024-06-04,201,2024-08-26,0,-83
Sichuan,四川,2024-06-05,209,2024-08-26,0,-82
Sichuan,四川,2024-06-06,169,2024-08-26,0,-81
Sichuan,四川,2024-06-07,154,2024-08-26,0,-80
Sichuan,四川,2024-06-08,138,2024-08-26,0,-79
Sichuan,四川,2024-06-09,127,2024-08-26,0,-78
Sichuan,四川,2024-06-10,132,2024-08-26,0,-77
Sichuan,四川,2024-06-11,151,2024-08-26,0,-76
Sichuan,四川,2024-06-12,161,2024-08-26,0,-75
Sichuan,四川,2024-06-13,174,2024-08-26,0,-74
Sichuan,四川,2024-06-14,163,2024-08-26,0,-73
Sichuan,四川,2024-06-15,150,2024-08-26,0,-72
Sichuan,四川,2024-06-16,137,2024-08-26,0,-71
Sichuan,四川,2024-06-17,190,2024-08-26,0,-70
Sichuan,四川,2024-06-18,232,2024-08-26,0,-69
Sichuan,四川,2024-06-19,181,2024-08-26,0,-68
Sichuan,四川,2024-06-20,168,2024-08-26,0,-67
Sichuan,四川,2024-06-21,160,2024-08-26,0,-66
Sichuan,四川,2024-06-22,135,2024-08-26,0,-65
Sichuan,四川,2024-06-23,128,2024-08-26,0,-64
Sichuan,四川,2024-06-24,222,2024-08-26,0,-63
Sichuan,四川,2024-06-25,139,2024-08-26,0,-62
Sichuan,四川,2024-06-26,231,2024-08-26,0,-61
Sichuan,四川,2024-06-27,128,2024-08-26,0,-60
Sichuan,四川,2024-06-28,148,2024-08-26,0,-59
Sichuan,四川,2024-06-29,126,2024-08-26,0,-58
Sichuan,四川,2024-06-30,133,2024-08-26,0,-57
Sichuan,四川,2024-07-01,145,2024-08-26,0,-56
Sichuan,四川,2024-07-02,157,2024-08-26,0,-55
Sichuan,四川,2024-07-03,153,2024-08-26,0,-54
Sichuan,四川,2024-07-04,148,2024-08-26,0,-53
Sichuan,四川,2024-07-05,232,2024-08-26,0,-52
Sichuan,四川,2024-07-06,196,2024-08-26,0,-51
Sichuan,四川,2024-07-07,127,2024-08-26,0,-50
Sichuan,四川,2024-07-08,140,2024-08-26,0,-49
Sichuan,四川,2024-07-09,149,2024-08-26,0,-48
Sichuan,四川,2024-07-10,154,2024-08-26,0,-47
Sichuan,四川,2024-07-11,156,2024-08-26,0,-46
Sichuan,四川,2024-07-12,163,2024-08-26,0,-45
Sichuan,四川,2024-07-13,137,2024-08-26,0,-44
Sichuan,四川,2024-07-14,131,2024-08-26,0,-43
Sichuan,四川,2024-07-15,145,2024-08-26,0,-42
Sichuan,四川,2024-07-16,159,2024-08-26,0,-41
Sichuan,四川,2024-07-17,148,2024-08-26,0,-40
Sichuan,四川,2024-07-18,149,2024-08-26,0,-39
Sichuan,四川,2024-07-19,149,2024-08-26,0,-38
Sichuan,四川,2024-07-20,141,2024-08-26,0,-37
Sichuan,四川,2024-07-21,189,2024-08-26,0,-36
Sichuan,四川,2024-07-22,156,2024-08-26,0,-35
Sichuan,四川,2024-07-23,145,2024-08-26,0,-34
Sichuan,四川,2024-07-24,158,2024-08-26,0,-33
Sichuan,四川,2024-07-25,296,2024-08-26,0,-32
Sichuan,四川,2024-07-26,394,2024-08-26,0,-31
Sichuan,四川,2024-07-27,227,2024-08-26,0,-30
Sichuan,四川,2024-07-28,213,2024-08-26,0,-29
Sichuan,四川,2024-07-29,312,2024-08-26,0,-28
Sichuan,四川,2024-07-30,254,2024-08-26,0,-27
Sichuan,四川,2024-07-31,217,2024-08-26,0,-26
Sichuan,四川,2024-08-01,261,2024-08-26,0,-25
Sichuan,四川,2024-08-02,293,2024-08-26,0,-24
Sichuan,四川,2024-08-03,256,2024-08-26,0,-23
Sichuan,四川,2024-08-04,198,2024-08-26,0,-22
Sichuan,四川,2024-08-05,308,2024-08-26,0,-21
Sichuan,四川,2024-08-06,293,2024-08-26,0,-20
Sichuan,四川,2024-08-07,295,2024-08-26,0,-19
Sichuan,四川,2024-08-08,278,2024-08-26,0,-18
Sichuan,四川,2024-08-09,211,2024-08-26,0,-17
Sichuan,四川,2024-08-10,202,2024-08-26,0,-16
Sichuan,四川,2024-08-11,207,2024-08-26,0,-15
Sichuan,四川,2024-08-12,204,2024-08-26,0,-14
Sichuan,四川,2024-08-13,247,2024-08-26,0,-13
Sichuan,四川,2024-08-14,231,2024-08-26,0,-12
Sichuan,四川,2024-08-15,323,2024-08-26,0,-11
Sichuan,四川,2024-08-16,207,2024-08-26,0,-10
Sichuan,四川,2024-08-17,286,2024-08-26,0,-9
Sichuan,四川,2024-08-18,177,2024-08-26,0,-8
Sichuan,四川,2024-08-19,321,2024-08-26,0,-7
Sichuan,四川,2024-08-20,234,2024-08-26,0,-6
Sichuan,四川,2024-08-21,224,2024-08-26,0,-5
Sichuan,四川,2024-08-22,325,2024-08-26,0,-4
Sichuan,四川,2024-08-23,184,2024-08-26,0,-3
Sichuan,四川,2024-08-24,152,2024-08-26,0,-2
Sichuan,四川,2024-08-25,340,2024-08-26,0,-1
Sichuan,四川,2024-08-26,398,2024-08-26,1,0
Sichuan,四川,2024-08-27,331,2024-08-26,1,1
Sichuan,四川,2024-08-28,356,2024-08-26,1,2
Sichuan,四川,2024-08-29,346,2024-08-26,1,3
Sichuan,四川,2024-08-30,331,2024-08-26,1,4
Sichuan,四川,2024-08-31,306,2024-08-26,1,5
Sichuan,四川,2024-09-01,303,2024-08-26,1,6
Sichuan,四川,2024-09-02,332,2024-08-26,1,7
Sichuan,四川,2024-09-03,333,2024-08-26,1,8
Sichuan,四川,2024-09-04,378,2024-08-26,1,9
Sichuan,四川,2024-09-05,335,2024-08-26,1,10
Sichuan,四川,2024-09-06,330,2024-08-26,1,11
Sichuan,四川,2024-09-07,328,2024-08-26,1,12
Sichuan,四川,2024-09-08,317,2024-08-26,1,13
Sichuan,四川,2024-09-09,331,2024-08-26,1,14
Sichuan,四川,2024-09-10,402,2024-08-26,1,15
Sichuan,四川,2024-09-11,351,2024-08-26,1,16
Sichuan,四川,2024-09-12,343,2024-08-26,1,17
Sichuan,四川,2024-09-13,370,2024-08-26,1,18
Sichuan,四川,2024-09-14,346,2024-08-26,1,19
Sichuan,四川,2024-09-15,350,2024-08-26,1,20
Sichuan,四川,2024-09-16,302,2024-08-26,1,21
Sichuan,四川,2024-09-17,368,2024-08-26,1,22
Sichuan,四川,2024-09-18,393,2024-08-26,1,23
Sichuan,四川,2024-09-19,371,2024-08-26,1,24
Sichuan,四川,2024-09-20,368,2024-08-26,1,25
Sichuan,四川,2024-09-21,372,2024-08-26,1,26
Sichuan,四川,2024-09-22,316,2024-08-26,1,27
Sichuan,四川,2024-09-23,378,2024-08-26,1,28
Sichuan,四川,2024-09-24,365,2024-08-26,1,29
Sichuan,四川,2024-09-25,371,2024-08-26,1,30
Sichuan,四川,2024-09-26,374,2024-08-26,1,31
Sichuan,四川,2024-09-27,376,2024-08-26,1,32
Sichuan,四川,2024-09-28,323,2024-08-26,1,33
Sichuan,四川,2024-09-29,338,2024-08-26,1,34
Sichuan,四川,2024-09-30,322,2024-08-26,1,35
Sichuan,四川,2024-10-01,302,2024-08-26,1,36
Sichuan,四川,2024-10-02,293,2024-08-26,1,37
Sichuan,四川,2024-10-03,167,2024-08-26,1,38
Sichuan,四川,2024-10-04,309,2024-08-26,1,39
Sichuan,四川,2024-10-05,299,2024-08-26,1,40
Sichuan,四川,2024-10-06,294,2024-08-26,1,41
Sichuan,四川,2024-10-07,295,2024-08-26,1,42
Sichuan,四川,2024-10-08,353,2024-08-26,1,43
Sichuan,四川,2024-10-09,324,2024-08-26,1,44
Sichuan,四川,2024-10-10,324,2024-08-26,1,45
Sichuan,四川,2024-10-11,328,2024-08-26,1,46
Sichuan,四川,2024-10-12,301,2024-08-26,1,47
Sichuan,四川,2024-10-13,296,2024-08-26,1,48
Sichuan,四川,2024-10-14,318,2024-08-26,1,49
Sichuan,四川,2024-10-15,309,2024-08-26,1,50
Sichuan,四川,2024-10-16,327,2024-08-26,1,51
Sichuan,四川,2024-10-17,308,2024-08-26,1,52
Sichuan,四川,2024-10-18,310,2024-08-26,1,53
Sichuan,四川,2024-10-19,340,2024-08-26,1,54
Sichuan,四川,2024-10-20,321,2024-08-26,1,55
Sichuan,四川,2024-10-21,357,2024-08-26,1,56
Sichuan,四川,2024-10-22,336,2024-08-26,1,57
Sichuan,四川,2024-10-23,349,2024-08-26,1,58
Sichuan,四川,2024-10-24,311,2024-08-26,1,59
Sichuan,四川,2024-10-25,282,2024-08-26,1,60
Sichuan,四川,2024-10-26,287,2024-08-26,1,61
Sichuan,四川,2024-10-27,291,2024-08-26,1,62
Sichuan,四川,2024-10-28,304,2024-08-26,1,63
Sichuan,四川,2024-10-29,319,2024-08-26,1,64
Sichuan,四川,2024-10-30,319,2024-08-26,1,65
Sichuan,四川,2024-10-31,298,2024-08-26,1,66
Sichuan,四川,2024-11-01,296,2024-08-26,1,67
Sichuan,四川,2024-11-02,276,2024-08-26,1,68
Sichuan,四川,2024-11-03,274,2024-08-26,1,69
Sichuan,四川,2024-11-04,301,2024-08-26,1,70
Sichuan,四川,2024-11-05,305,2024-08-26,1,71
Sichuan,四川,2024-11-06,282,2024-08-26,1,72
Sichuan,四川,2024-11-07,273,2024-08-26,1,73
Sichuan,四川,2024-11-08,296,2024-08-26,1,74
Sichuan,四川,2024-11-09,281,2024-08-26,1,75
Sichuan,四川,2024-11-10,290,2024-08-26,1,76
Sichuan,四川,2024-11-11,310,2024-08-26,1,77
Sichuan,四川,2024-11-12,292,2024-08-26,1,78
Sichuan,四川,2024-11-13,275,2024-08-26,1,79
Sichuan,四川,2024-11-14,406,2024-08-26,1,80
Sichuan,四川,2024-11-15,376,2024-08-26,1,81
Sichuan,四川,2024-11-16,308,2024-08-26,1,82
Sichuan,四川,2024-11-17,386,2024-08-26,1,83
Sichuan,四川,2024-11-18,357,2024-08-26,1,84
Sichuan,四川,2024-11-19,315,2024-08-26,1,85
Sichuan,四川,2024-11-20,275,2024-08-26,1,86
Sichuan,四川,2024-11-21,330,2024-08-26,1,87
Sichuan,四川,2024-11-22,319,2024-08-26,1,88
Sichuan,四川,2024-11-23,280,2024-08-26,1,89
Sichuan,四川,2024-11-24,271,2024-08-26,1,90
Sichuan,四川,2024-11-25,304,2024-08-26,1,91
Sichuan,四川,2024-11-26,290,2024-08-26,1,92
Sichuan,四川,2024-11-27,287,2024-08-26,1,93
Sichuan,四川,2024-11-28,328,2024-08-26,1,94
Sichuan,四川,2024-11-29,316,2024-08-26,1,95
Sichuan,四川,2024-11-30,261,2024-08-26,1,96
Sichuan,四川,2024-12-01,276,2024-08-26,1,97
Sichuan,四川,2024-12-02,311,2024-08-26,1,98
Sichuan,四川,2024-12-03,279,2024-08-26,1,99
Sichuan,四川,2024-12-04,282,2024-08-26,1,100
Sichuan,四川,2024-12-05,297,2024-08-26,1,101
Sichuan,四川,2024-12-06,283,2024-08-26,1,102
Sichuan,四川,2024-12-07,260,2024-08-26,1,103
Sichuan,四川,2024-12-08,272,2024-08-26,1,104
Sichuan,四川,2024-12-09,281,2024-08-26,1,105
Sichuan,四川,2024-12-10,297,2024-08-26,1,106
Sichuan,四川,2024-12-11,276,2024-08-26,1,107
Sichuan,四川,2024-12-12,266,2024-08-26,1,108
Sichuan,四川,2024-12-13,263,2024-08-26,1,109
Sichuan,四川,2024-12-14,282,2024-08-26,1,110
Sichuan,四川,2024-12-15,258,2024-08-26,1,111
Sichuan,四川,2024-12-16,331,2024-08-26,1,112
Sichuan,四川,2024-12-17,378,2024-08-26,1,113
Sichuan,四川,2024-12-18,317,2024-08-26,1,114
Sichuan,四川,2024-12-19,362,2024-08-26,1,115
Sichuan,四川,2024-12-20,302,2024-08-26,1,116
Sichuan,四川,2024-12-21,276,2024-08-26,1,117
Sichuan,四川,2024-12-22,258,2024-08-26,1,118
Sichuan,四川,2024-12-23,272,2024-08-26,1,119
Sichuan,四川,2024-12-24,309,2024-08-26,1,120
Sichuan,四川,2024-12-25,286,2024-08-26,1,121
Sichuan,四川,2024-12-26,266,2024-08-26,1,122
Sichuan,四川,2024-12-27,272,2024-08-26,1,123
Sichuan,四川,2024-12-28,203,2024-08-26,1,124
Sichuan,四川,2024-12-29,212,2024-08-26,1,125
Sichuan,四川,2024-12-30,293,2024-08-26,1,126
Sichuan,四川,2024-12-31,305,2024-08-26,1,127
Shandong,山东,2024-06-01,145,2024-09-09,0,-100
Shandong,山东,2024-06-02,146,2024-09-09,0,-99
Shandong,山东,2024-06-03,189,2024-09-09,0,-98
Shandong,山东,2024-06-04,201,2024-09-09,0,-97
Shandong,山东,2024-06-05,160,2024-09-09,0,-96
Shandong,山东,2024-06-06,194,2024-09-09,0,-95
Shandong,山东,2024-06-07,171,2024-09-09,0,-94
Shandong,山东,2024-06-08,195,2024-09-09,0,-93
Shandong,山东,2024-06-09,141,2024-09-09,0,-92
Shandong,山东,2024-06-10,203,2024-09-09,0,-91
Shandong,山东,2024-06-11,213,2024-09-09,0,-90
Shandong,山东,2024-06-12,177,2024-09-09,0,-89
Shandong,山东,2024-06-13,268,2024-09-09,0,-88
Shandong,山东,2024-06-14,216,2024-09-09,0,-87
Shandong,山东,2024-06-15,70,2024-09-09,0,-86
Shandong,山东,2024-06-16,139,2024-09-09,0,-85
Shandong,山东,2024-06-17,186,2024-09-09,0,-84
Shandong,山东,2024-06-18,161,2024-09-09,0,-83
Shandong,山东,2024-06-19,163,2024-09-09,0,-82
Shandong,山东,2024-06-20,163,2024-09-09,0,-81
Shandong,山东,2024-06-21,153,2024-09-09,0,-80
Shandong,山东,2024-06-22,146,2024-09-09,0,-79
Shandong,山东,2024-06-23,147,2024-09-09,0,-78
Shandong,山东,2024-06-24,274,2024-09-09,0,-77
Shandong,山东,2024-06-25,162,2024-09-09,0,-76
Shandong,山东,2024-06-26,175,2024-09-09,0,-75
Shandong,山东,2024-06-27,213,2024-09-09,0,-74
Shandong,山东,2024-06-28,156,2024-09-09,0,-73
Shandong,山东,2024-06-29,128,2024-09-09,0,-72
Shandong,山东,2024-06-30,194,2024-09-09,0,-71
Shandong,山东,2024-07-01,141,2024-09-09,0,-70
Shandong,山东,2024-07-02,164,2024-09-09,0,-69
Shandong,山东,2024-07-03,195,2024-09-09,0,-68
Shandong,山东,2024-07-04,154,2024-09-09,0,-67
Shandong,山东,2024-07-05,129,2024-09-09,0,-66
Shandong,山东,2024-07-06,128,2024-09-09,0,-65
Shandong,山东,2024-07-07,130,2024-09-09,0,-64
Shandong,山东,2024-07-08,135,2024-09-09,0,-63
Shandong,山东,2024-07-09,206,2024-09-09,0,-62
Shandong,山东,2024-07-10,152,2024-09-09,0,-61
Shandong,山东,2024-07-11,147,2024-09-09,0,-60
Shandong,山东,2024-07-12,139,2024-09-09,0,-59
Shandong,山东,2024-07-13,151,2024-09-09,0,-58
Shandong,山东,2024-07-14,137,2024-09-09,0,-57
Shandong,山东,2024-07-15,153,2024-09-09,0,-56
Shandong,山东,2024-07-16,142,2024-09-09,0,-55
Shandong,山东,2024-07-17,134,2024-09-09,0,-54
Shandong,山东,2024-07-18,144,2024-09-09,0,-53
Shandong,山东,2024-07-19,215,2024-09-09,0,-52
Shandong,山东,2024-07-20,143,2024-09-09,0,-51
Shandong,山东,2024-07-21,162,2024-09-09,0,-50
Shandong,山东,2024-07-22,173,2024-09-09,0,-49
Shandong,山东,2024-07-23,152,2024-09-09,0,-48
Shandong,山东,2024-07-24,170,2024-09-09,0,-47
Shandong,山东,2024-07-25,417,2024-09-09,0,-46
Shandong,山东,2024-07-26,590,2024-09-09,0,-45
Shandong,山东,2024-07-27,357,2024-09-09,0,-44
Shandong,山东,2024-07-28,256,2024-09-09,0,-43
Shandong,山东,2024-07-29,375,2024-09-09,0,-42
Shandong,山东,2024-07-30,373,2024-09-09,0,-41
Shandong,山东,2024-07-31,378,2024-09-09,0,-40
Shandong,山东,2024-08-01,348,2024-09-09,0,-39
Shandong,山东,2024-08-02,311,2024-09-09,0,-38
Shandong,山东,2024-08-03,321,2024-09-09,0,-37
Shandong,山东,2024-08-04,295,2024-09-09,0,-36
Shandong,山东,2024-08-05,335,2024-09-09,0,-35
Shandong,山东,2024-08-06,255,2024-09-09,0,-34
Shandong,山东,2024-08-07,326,2024-09-09,0,-33
Shandong,山东,2024-08-08,230,2024-09-09,0,-32
Shandong,山东,2024-08-09,314,2024-09-09,0,-31
Shandong,山东,2024-08-10,201,2024-09-09,0,-30
Shandong,山东,2024-08-11,282,2024-09-09,0,-29
Shandong,山东,2024-08-12,306,2024-09-09,0,-28
Shandong,山东,2024-08-13,282,2024-09-09,0,-27
Shandong,山东,2024-08-14,319,2024-09-09,0,-26
Shandong,山东,2024-08-15,269,2024-09-09,0,-25
Shandong,山东,2024-08-16,323,2024-09-09,0,-24
Shandong,山东,2024-08-17,257,2024-09-09,0,-23
Shandong,山东,2024-08-18,322,2024-09-09,0,-22
Shandong,山东,2024-08-19,286,2024-09-09,0,-21
Shandong,山东,2024-08-20,331,2024-09-09,0,-20
Shandong,山东,2024-08-21,200,2024-09-09,0,-19
Shandong,山东,2024-08-22,318,2024-09-09,0,-18
Shandong,山东,2024-08-23,262,2024-09-09,0,-17
Shandong,山东,2024-08-24,231,2024-09-09,0,-16
Shandong,山东,2024-08-25,335,2024-09-09,0,-15
Shandong,山东,2024-08-26,476,2024-09-09,0,-14
Shandong,山东,2024-08-27,395,2024-09-09,0,-13
Shandong,山东,2024-08-28,357,2024-09-09,0,-12
Shandong,山东,2024-08-29,364,2024-09-09,0,-11
Shandong,山东,2024-08-30,328,2024-09-09,0,-10
Shandong,山东,2024-08-31,327,2024-09-09,0,-9
Shandong,山东,2024-09-01,337,2024-09-09,0,-8
Shandong,山东,2024-09-02,343,2024-09-09,0,-7
Shandong,山东,2024-09-03,402,2024-09-09,0,-6
Shandong,山东,2024-09-04,374,2024-09-09,0,-5
Shandong,山东,2024-09-05,360,2024-09-09,0,-4
Shandong,山东,2024-09-06,363,2024-09-09,0,-3
Shandong,山东,2024-09-07,336,2024-09-09,0,-2
Shandong,山东,2024-09-08,315,2024-09-09,0,-1
Shandong,山东,2024-09-09,382,2024-09-09,1,0
Shandong,山东,2024-09-10,413,2024-09-09,1,1
Shandong,山东,2024-09-11,383,2024-09-09,1,2
Shandong,山东,2024-09-12,409,2024-09-09,1,3
Shandong,山东,2024-09-13,370,2024-09-09,1,4
Shandong,山东,2024-09-14,379,2024-09-09,1,5
Shandong,山东,2024-09-15,382,2024-09-09,1,6
Shandong,山东,2024-09-16,345,2024-09-09,1,7
Shandong,山东,2024-09-17,400,2024-09-09,1,8
Shandong,山东,2024-09-18,459,2024-09-09,1,9
Shandong,山东,2024-09-19,464,2024-09-09,1,10
Shandong,山东,2024-09-20,428,2024-09-09,1,11
Shandong,山东,2024-09-21,373,2024-09-09,1,12
Shandong,山东,2024-09-22,366,2024-09-09,1,13
Shandong,山东,2024-09-23,449,2024-09-09,1,14
Shandong,山东,2024-09-24,452,2024-09-09,1,15
Shandong,山东,2024-09-25,482,2024-09-09,1,16
Shandong,山东,2024-09-26,468,2024-09-09,1,17
Shandong,山东,2024-09-27,426,2024-09-09,1,18
Shandong,山东,2024-09-28,390,2024-09-09,1,19
Shandong,山东,2024-09-29,436,2024-09-09,1,20
Shandong,山东,2024-09-30,400,2024-09-09,1,21
Shandong,山东,2024-10-01,362,2024-09-09,1,22
Shandong,山东,2024-10-02,338,2024-09-09,1,23
Shandong,山东,2024-10-03,327,2024-09-09,1,24
Shandong,山东,2024-10-04,348,2024-09-09,1,25
Shandong,山东,2024-10-05,330,2024-09-09,1,26
Shandong,山东,2024-10-06,366,2024-09-09,1,27
Shandong,山东,2024-10-07,343,2024-09-09,1,28
Shandong,山东,2024-10-08,414,2024-09-09,1,29
Shandong,山东,2024-10-09,401,2024-09-09,1,30
Shandong,山东,2024-10-10,396,2024-09-09,1,31
Shandong,山东,2024-10-11,373,2024-09-09,1,32
Shandong,山东,2024-10-12,368,2024-09-09,1,33
Shandong,山东,2024-10-13,329,2024-09-09,1,34
Shandong,山东,2024-10-14,386,2024-09-09,1,35
Shandong,山东,2024-10-15,449,2024-09-09,1,36
Shandong,山东,2024-10-16,368,2024-09-09,1,37
Shandong,山东,2024-10-17,387,2024-09-09,1,38
Shandong,山东,2024-10-18,335,2024-09-09,1,39
Shandong,山东,2024-10-19,317,2024-09-09,1,40
Shandong,山东,2024-10-20,325,2024-09-09,1,41
Shandong,山东,2024-10-21,405,2024-09-09,1,42
Shandong,山东,2024-10-22,369,2024-09-09,1,43
Shandong,山东,2024-10-23,392,2024-09-09,1,44
Shandong,山东,2024-10-24,374,2024-09-09,1,45
Shandong,山东,2024-10-25,367,2024-09-09,1,46
Shandong,山东,2024-10-26,381,2024-09-09,1,47
Shandong,山东,2024-10-27,345,2024-09-09,1,48
Shandong,山东,2024-10-28,357,2024-09-09,1,49
Shandong,山东,2024-10-29,377,2024-09-09,1,50
Shandong,山东,2024-10-30,370,2024-09-09,1,51
Shandong,山东,2024-10-31,380,2024-09-09,1,52
Shandong,山东,2024-11-01,355,2024-09-09,1,53
Shandong,山东,2024-11-02,330,2024-09-09,1,54
Shandong,山东,2024-11-03,322,2024-09-09,1,55
Shandong,山东,2024-11-04,324,2024-09-09,1,56
Shandong,山东,2024-11-05,350,2024-09-09,1,57
Shandong,山东,2024-11-06,357,2024-09-09,1,58
Shandong,山东,2024-11-07,332,2024-09-09,1,59
Shandong,山东,2024-11-08,349,2024-09-09,1,60
Shandong,山东,2024-11-09,340,2024-09-09,1,61
Shandong,山东,2024-11-10,349,2024-09-09,1,62
Shandong,山东,2024-11-11,378,2024-09-09,1,63
Shandong,山东,2024-11-12,342,2024-09-09,1,64
Shandong,山东,2024-11-13,315,2024-09-09,1,65
Shandong,山东,2024-11-14,357,2024-09-09,1,66
Shandong,山东,2024-11-15,336,2024-09-09,1,67
Shandong,山东,2024-11-16,422,2024-09-09,1,68
Shandong,山东,2024-11-17,584,2024-09-09,1,69
Shandong,山东,2024-11-18,396,2024-09-09,1,70
Shandong,山东,2024-11-19,390,2024-09-09,1,71
Shandong,山东,2024-11-20,492,2024-09-09,1,72
Shandong,山东,2024-11-21,447,2024-09-09,1,73
Shandong,山东,2024-11-22,567,2024-09-09,1,74
Shandong,山东,2024-11-23,298,2024-09-09,1,75
Shandong,山东,2024-11-24,359,2024-09-09,1,76
Shandong,山东,2024-11-25,388,2024-09-09,1,77
Shandong,山东,2024-11-26,309,2024-09-09,1,78
Shandong,山东,2024-11-27,340,2024-09-09,1,79
Shandong,山东,2024-11-28,317,2024-09-09,1,80
Shandong,山东,2024-11-29,332,2024-09-09,1,81
Shandong,山东,2024-11-30,264,2024-09-09,1,82
Shandong,山东,2024-12-01,301,2024-09-09,1,83
Shandong,山东,2024-12-02,316,2024-09-09,1,84
Shandong,山东,2024-12-03,315,2024-09-09,1,85
Shandong,山东,2024-12-04,309,2024-09-09,1,86
Shandong,山东,2024-12-05,311,2024-09-09,1,87
Shandong,山东,2024-12-06,295,2024-09-09,1,88
Shandong,山东,2024-12-07,256,2024-09-09,1,89
Shandong,山东,2024-12-08,306,2024-09-09,1,90
Shandong,山东,2024-12-09,326,2024-09-09,1,91
Shandong,山东,2024-12-10,301,2024-09-09,1,92
Shandong,山东,2024-12-11,295,2024-09-09,1,93
Shandong,山东,2024-12-12,334,2024-09-09,1,94
Shandong,山东,2024-12-13,298,2024-09-09,1,95
Shandong,山东,2024-12-14,368,2024-09-09,1,96
Shandong,山东,2024-12-15,307,2024-09-09,1,97
Shandong,山东,2024-12-16,413,2024-09-09,1,98
Shandong,山东,2024-12-17,446,2024-09-09,1,99
Shandong,山东,2024-12-18,376,2024-09-09,1,100
Shandong,山东,2024-12-19,485,2024-09-09,1,101
Shandong,山东,2024-12-20,365,2024-09-09,1,102
Shandong,山东,2024-12-21,330,2024-09-09,1,103
Shandong,山东,2024-12-22,294,2024-09-09,1,104
Shandong,山东,2024-12-23,334,2024-09-09,1,105
Shandong,山东,2024-12-24,348,2024-09-09,1,106
Shandong,山东,2024-12-25,314,2024-09-09,1,107
Shandong,山东,2024-12-26,332,2024-09-09,1,108
Shandong,山东,2024-12-27,306,2024-09-09,1,109
Shandong,山东,2024-12-28,250,2024-09-09,1,110
Shandong,山东,2024-12-29,288,2024-09-09,1,111
Shandong,山东,2024-12-30,314,2024-09-09,1,112
Shandong,山东,2024-12-31,307,2024-09-09,1,113
Zhejiang,浙江,2024-06-01,160,2024-08-22,0,-82
Zhejiang,浙江,2024-06-02,212,2024-08-22,0,-81
Zhejiang,浙江,2024-06-03,196,2024-08-22,0,-80
Zhejiang,浙江,2024-06-04,221,2024-08-22,0,-79
Zhejiang,浙江,2024-06-05,275,2024-08-22,0,-78
Zhejiang,浙江,2024-06-06,228,2024-08-22,0,-77
Zhejiang,浙江,2024-06-07,249,2024-08-22,0,-76
Zhejiang,浙江,2024-06-08,260,2024-08-22,0,-75
Zhejiang,浙江,2024-06-09,142,2024-08-22,0,-74
Zhejiang,浙江,2024-06-10,217,2024-08-22,0,-73
Zhejiang,浙江,2024-06-11,223,2024-08-22,0,-72
Zhejiang,浙江,2024-06-12,213,2024-08-22,0,-71
Zhejiang,浙江,2024-06-13,247,2024-08-22,0,-70
Zhejiang,浙江,2024-06-14,180,2024-08-22,0,-69
Zhejiang,浙江,2024-06-15,161,2024-08-22,0,-68
Zhejiang,浙江,2024-06-16,168,2024-08-22,0,-67
Zhejiang,浙江,2024-06-17,179,2024-08-22,0,-66
Zhejiang,浙江,2024-06-18,232,2024-08-22,0,-65
Zhejiang,浙江,2024-06-19,304,2024-08-22,0,-64
Zhejiang,浙江,2024-06-20,194,2024-08-22,0,-63
Zhejiang,浙江,2024-06-21,182,2024-08-22,0,-62
Zhejiang,浙江,2024-06-22,148,2024-08-22,0,-61
Zhejiang,浙江,2024-06-23,148,2024-08-22,0,-60
Zhejiang,浙江,2024-06-24,176,2024-08-22,0,-59
Zhejiang,浙江,2024-06-25,185,2024-08-22,0,-58
Zhejiang,浙江,2024-06-26,240,2024-08-22,0,-57
Zhejiang,浙江,2024-06-27,239,2024-08-22,0,-56
Zhejiang,浙江,2024-06-28,216,2024-08-22,0,-55
Zhejiang,浙江,2024-06-29,146,2024-08-22,0,-54
Zhejiang,浙江,2024-06-30,74,2024-08-22,0,-53
Zhejiang,浙江,2024-07-01,236,2024-08-22,0,-52
Zhejiang,浙江,2024-07-02,192,2024-08-22,0,-51
Zhejiang,浙江,2024-07-03,160,2024-08-22,0,-50
Zhejiang,浙江,2024-07-04,172,2024-08-22,0,-49
Zhejiang,浙江,2024-07-05,160,2024-08-22,0,-48
Zhejiang,浙江,2024-07-06,223,2024-08-22,0,-47
Zhejiang,浙江,2024-07-07,200,2024-08-22,0,-46
Zhejiang,浙江,2024-07-08,165,2024-08-22,0,-45
Zhejiang,浙江,2024-07-09,172,2024-08-22,0,-44
Zhejiang,浙江,2024-07-10,171,2024-08-22,0,-43
Zhejiang,浙江,2024-07-11,168,2024-08-22,0,-42
Zhejiang,浙江,2024-07-12,222,2024-08-22,0,-41
Zhejiang,浙江,2024-07-13,132,2024-08-22,0,-40
Zhejiang,浙江,2024-07-14,205,2024-08-22,0,-39
Zhejiang,浙江,2024-07-15,210,2024-08-22,0,-38
Zhejiang,浙江,2024-07-16,171,2024-08-22,0,-37
Zhejiang,浙江,2024-07-17,164,2024-08-22,0,-36
Zhejiang,浙江,2024-07-18,139,2024-08-22,0,-35
Zhejiang,浙江,2024-07-19,287,2024-08-22,0,-34
Zhejiang,浙江,2024-07-20,214,2024-08-22,0,-33
Zhejiang,浙江,2024-07-21,156,2024-08-22,0,-32
Zhejiang,浙江,2024-07-22,171,2024-08-22,0,-31
Zhejiang,浙江,2024-07-23,183,2024-08-22,0,-30
Zhejiang,浙江,2024-07-24,181,2024-08-22,0,-29
Zhejiang,浙江,2024-07-25,446,2024-08-22,0,-28
Zhejiang,浙江,2024-07-26,561,2024-08-22,0,-27
Zhejiang,浙江,2024-07-27,357,2024-08-22,0,-26
Zhejiang,浙江,2024-07-28,229,2024-08-22,0,-25
Zhejiang,浙江,2024-07-29,381,2024-08-22,0,-24
Zhejiang,浙江,2024-07-30,332,2024-08-22,0,-23
Zhejiang,浙江,2024-07-31,327,2024-08-22,0,-22
Zhejiang,浙江,2024-08-01,203,2024-08-22,0,-21
Zhejiang,浙江,2024-08-02,343,2024-08-22,0,-20
Zhejiang,浙江,2024-08-03,242,2024-08-22,0,-19
Zhejiang,浙江,2024-08-04,280,2024-08-22,0,-18
Zhejiang,浙江,2024-08-05,332,2024-08-22,0,-17
Zhejiang,浙江,2024-08-06,302,2024-08-22,0,-16
Zhejiang,浙江,2024-08-07,323,2024-08-22,0,-15
Zhejiang,浙江,2024-08-08,313,2024-08-22,0,-14
Zhejiang,浙江,2024-08-09,308,2024-08-22,0,-13
Zhejiang,浙江,2024-08-10,225,2024-08-22,0,-12
Zhejiang,浙江,2024-08-11,274,2024-08-22,0,-11
Zhejiang,浙江,2024-08-12,281,2024-08-22,0,-10
Zhejiang,浙江,2024-08-13,317,2024-08-22,0,-9
Zhejiang,浙江,2024-08-14,325,2024-08-22,0,-8
Zhejiang,浙江,2024-08-15,292,2024-08-22,0,-7
Zhejiang,浙江,2024-08-16,309,2024-08-22,0,-6
Zhejiang,浙江,2024-08-17,299,2024-08-22,0,-5
Zhejiang,浙江,2024-08-18,308,2024-08-22,0,-4
Zhejiang,浙江,2024-08-19,348,2024-08-22,0,-3
Zhejiang,浙江,2024-08-20,298,2024-08-22,0,-2
Zhejiang,浙江,2024-08-21,322,2024-08-22,0,-1
Zhejiang,浙江,2024-08-22,261,2024-08-22,1,0
Zhejiang,浙江,2024-08-23,351,2024-08-22,1,1
Zhejiang,浙江,2024-08-24,237,2024-08-22,1,2
Zhejiang,浙江,2024-08-25,331,2024-08-22,1,3
Zhejiang,浙江,2024-08-26,510,2024-08-22,1,4
Zhejiang,浙江,2024-08-27,413,2024-08-22,1,5
Zhejiang,浙江,2024-08-28,438,2024-08-22,1,6
Zhejiang,浙江,2024-08-29,426,2024-08-22,1,7
Zhejiang,浙江,2024-08-30,405,2024-08-22,1,8
Zhejiang,浙江,2024-08-31,367,2024-08-22,1,9
Zhejiang,浙江,2024-09-01,346,2024-08-22,1,10
Zhejiang,浙江,2024-09-02,463,2024-08-22,1,11
Zhejiang,浙江,2024-09-03,473,2024-08-22,1,12
Zhejiang,浙江,2024-09-04,433,2024-08-22,1,13
Zhejiang,浙江,2024-09-05,461,2024-08-22,1,14
Zhejiang,浙江,2024-09-06,532,2024-08-22,1,15
Zhejiang,浙江,2024-09-07,406,2024-08-22,1,16
Zhejiang,浙江,2024-09-08,365,2024-08-22,1,17
Zhejiang,浙江,2024-09-09,501,2024-08-22,1,18
Zhejiang,浙江,2024-09-10,518,2024-08-22,1,19
Zhejiang,浙江,2024-09-11,507,2024-08-22,1,20
Zhejiang,浙江,2024-09-12,465,2024-08-22,1,21
Zhejiang,浙江,2024-09-13,467,2024-08-22,1,22
Zhejiang,浙江,2024-09-14,454,2024-08-22,1,23
Zhejiang,浙江,2024-09-15,375,2024-08-22,1,24
Zhejiang,浙江,2024-09-16,362,2024-08-22,1,25
Zhejiang,浙江,2024-09-17,438,2024-08-22,1,26
Zhejiang,浙江,2024-09-18,534,2024-08-22,1,27
Zhejiang,浙江,2024-09-19,489,2024-08-22,1,28
Zhejiang,浙江,2024-09-20,494,2024-08-22,1,29
Zhejiang,浙江,2024-09-21,415,2024-08-22,1,30
Zhejiang,浙江,2024-09-22,362,2024-08-22,1,31
Zhejiang,浙江,2024-09-23,456,2024-08-22,1,32
Zhejiang,浙江,2024-09-24,515,2024-08-22,1,33
Zhejiang,浙江,2024-09-25,433,2024-08-22,1,34
Zhejiang,浙江,2024-09-26,508,2024-08-22,1,35
Zhejiang,浙江,2024-09-27,509,2024-08-22,1,36
Zhejiang,浙江,2024-09-28,390,2024-08-22,1,37
Zhejiang,浙江,2024-09-29,471,2024-08-22,1,38
Zhejiang,浙江,2024-09-30,400,2024-08-22,1,39
Zhejiang,浙江,2024-10-01,320,2024-08-22,1,40
Zhejiang,浙江,2024-10-02,340,2024-08-22,1,41
Zhejiang,浙江,2024-10-03,352,2024-08-22,1,42
Zhejiang,浙江,2024-10-04,330,2024-08-22,1,43
Zhejiang,浙江,2024-10-05,346,2024-08-22,1,44
Zhejiang,浙江,2024-10-06,364,2024-08-22,1,45
Zhejiang,浙江,2024-10-07,364,2024-08-22,1,46
Zhejiang,浙江,2024-10-08,453,2024-08-22,1,47
Zhejiang,浙江,2024-10-09,418,2024-08-22,1,48
Zhejiang,浙江,2024-10-10,418,2024-08-22,1,49
Zhejiang,浙江,2024-10-11,369,2024-08-22,1,50
Zhejiang,浙江,2024-10-12,400,2024-08-22,1,51
Zhejiang,浙江,2024-10-13,344,2024-08-22,1,52
Zhejiang,浙江,2024-10-14,474,2024-08-22,1,53
Zhejiang,浙江,2024-10-15,449,2024-08-22,1,54
Zhejiang,浙江,2024-10-16,451,2024-08-22,1,55
Zhejiang,浙江,2024-10-17,458,2024-08-22,1,56
Zhejiang,浙江,2024-10-18,381,2024-08-22,1,57
Zhejiang,浙江,2024-10-19,371,2024-08-22,1,58
Zhejiang,浙江,2024-10-20,369,2024-08-22,1,59
Zhejiang,浙江,2024-10-21,499,2024-08-22,1,60
Zhejiang,浙江,2024-10-22,467,2024-08-22,1,61
Zhejiang,浙江,2024-10-23,412,2024-08-22,1,62
Zhejiang,浙江,2024-10-24,440,2024-08-22,1,63
Zhejiang,浙江,2024-10-25,404,2024-08-22,1,64
Zhejiang,浙江,2024-10-26,341,2024-08-22,1,65
Zhejiang,浙江,2024-10-27,330,2024-08-22,1,66
Zhejiang,浙江,2024-10-28,412,2024-08-22,1,67
Zhejiang,浙江,2024-10-29,416,2024-08-22,1,68
Zhejiang,浙江,2024-10-30,430,2024-08-22,1,69
Zhejiang,浙江,2024-10-31,373,2024-08-22,1,70
Zhejiang,浙江,2024-11-01,372,2024-08-22,1,71
Zhejiang,浙江,2024-11-02,312,2024-08-22,1,72
Zhejiang,浙江,2024-11-03,302,2024-08-22,1,73
Zhejiang,浙江,2024-11-04,392,2024-08-22,1,74
Zhejiang,浙江,2024-11-05,364,2024-08-22,1,75
Zhejiang,浙江,2024-11-06,354,2024-08-22,1,76
Zhejiang,浙江,2024-11-07,332,2024-08-22,1,77
Zhejiang,浙江,2024-11-08,335,2024-08-22,1,78
Zhejiang,浙江,2024-11-09,301,2024-08-22,1,79
Zhejiang,浙江,2024-11-10,334,2024-08-22,1,80
Zhejiang,浙江,2024-11-11,369,2024-08-22,1,81
Zhejiang,浙江,2024-11-12,317,2024-08-22,1,82
Zhejiang,浙江,2024-11-13,315,2024-08-22,1,83
Zhejiang,浙江,2024-11-14,391,2024-08-22,1,84
Zhejiang,浙江,2024-11-15,371,2024-08-22,1,85
Zhejiang,浙江,2024-11-16,395,2024-08-22,1,86
Zhejiang,浙江,2024-11-17,475,2024-08-22,1,87
Zhejiang,浙江,2024-11-18,378,2024-08-22,1,88
Zhejiang,浙江,2024-11-19,393,2024-08-22,1,89
Zhejiang,浙江,2024-11-20,418,2024-08-22,1,90
Zhejiang,浙江,2024-11-21,410,2024-08-22,1,91
Zhejiang,浙江,2024-11-22,561,2024-08-22,1,92
Zhejiang,浙江,2024-11-23,251,2024-08-22,1,93
Zhejiang,浙江,2024-11-24,302,2024-08-22,1,94
Zhejiang,浙江,2024-11-25,350,2024-08-22,1,95
Zhejiang,浙江,2024-11-26,330,2024-08-22,1,96
Zhejiang,浙江,2024-11-27,302,2024-08-22,1,97
Zhejiang,浙江,2024-11-28,328,2024-08-22,1,98
Zhejiang,浙江,2024-11-29,324,2024-08-22,1,99
Zhejiang,浙江,2024-11-30,257,2024-08-22,1,100
Zhejiang,浙江,2024-12-01,212,2024-08-22,1,101
Zhejiang,浙江,2024-12-02,303,2024-08-22,1,102
Zhejiang,浙江,2024-12-03,299,2024-08-22,1,103
Zhejiang,浙江,2024-12-04,296,2024-08-22,1,104
Zhejiang,浙江,2024-12-05,282,2024-08-22,1,105
Zhejiang,浙江,2024-12-06,281,2024-08-22,1,106
Zhejiang,浙江,2024-12-07,285,2024-08-22,1,107
Zhejiang,浙江,2024-12-08,220,2024-08-22,1,108
Zhejiang,浙江,2024-12-09,332,2024-08-22,1,109
Zhejiang,浙江,2024-12-10,312,2024-08-22,1,110
Zhejiang,浙江,2024-12-11,285,2024-08-22,1,111
Zhejiang,浙江,2024-12-12,332,2024-08-22,1,112
Zhejiang,浙江,2024-12-13,319,2024-08-22,1,113
Zhejiang,浙江,2024-12-14,237,2024-08-22,1,114
Zhejiang,浙江,2024-12-15,282,2024-08-22,1,115
Zhejiang,浙江,2024-12-16,360,2024-08-22,1,116
Zhejiang,浙江,2024-12-17,390,2024-08-22,1,117
Zhejiang,浙江,2024-12-18,316,2024-08-22,1,118
Zhejiang,浙江,2024-12-19,364,2024-08-22,1,119
Zhejiang,浙江,2024-12-20,308,2024-08-22,1,120
Zhejiang,浙江,2024-12-21,281,2024-08-22,1,121
Zhejiang,浙江,2024-12-22,300,2024-08-22,1,122
Zhejiang,浙江,2024-12-23,315,2024-08-22,1,123
Zhejiang,浙江,2024-12-24,317,2024-08-22,1,124
Zhejiang,浙江,2024-12-25,320,2024-08-22,1,125
Zhejiang,浙江,2024-12-26,291,2024-08-22,1,126
Zhejiang,浙江,2024-12-27,281,2024-08-22,1,127
Zhejiang,浙江,2024-12-28,214,2024-08-22,1,128
Zhejiang,浙江,2024-12-29,261,2024-08-22,1,129
Zhejiang,浙江,2024-12-30,301,2024-08-22,1,130
Zhejiang,浙江,2024-12-31,327,2024-08-22,1,131
Hubei,湖北,2024-06-01,129,2024-08-10,0,-70
Hubei,湖北,2024-06-02,137,2024-08-10,0,-69
Hubei,湖北,2024-06-03,167,2024-08-10,0,-68
Hubei,湖北,2024-06-04,220,2024-08-10,0,-67
Hubei,湖北,2024-06-05,152,2024-08-10,0,-66
Hubei,湖北,2024-06-06,146,2024-08-10,0,-65
Hubei,湖北,2024-06-07,151,2024-08-10,0,-64
Hubei,湖北,2024-06-08,194,2024-08-10,0,-63
Hubei,湖北,2024-06-09,151,2024-08-10,0,-62
Hubei,湖北,2024-06-10,126,2024-08-10,0,-61
Hubei,湖北,2024-06-11,153,2024-08-10,0,-60
Hubei,湖北,2024-06-12,150,2024-08-10,0,-59
Hubei,湖北,2024-06-13,143,2024-08-10,0,-58
Hubei,湖北,2024-06-14,139,2024-08-10,0,-57
Hubei,湖北,2024-06-15,132,2024-08-10,0,-56
Hubei,湖北,2024-06-16,126,2024-08-10,0,-55
Hubei,湖北,2024-06-17,151,2024-08-10,0,-54
Hubei,湖北,2024-06-18,213,2024-08-10,0,-53
Hubei,湖北,2024-06-19,143,2024-08-10,0,-52
Hubei,湖北,2024-06-20,142,2024-08-10,0,-51
Hubei,湖北,2024-06-21,142,2024-08-10,0,-50
Hubei,湖北,2024-06-22,129,2024-08-10,0,-49
Hubei,湖北,2024-06-23,130,2024-08-10,0,-48
Hubei,湖北,2024-06-24,144,2024-08-10,0,-47
Hubei,湖北,2024-06-25,143,2024-08-10,0,-46
Hubei,湖北,2024-06-26,203,2024-08-10,0,-45
Hubei,湖北,2024-06-27,135,2024-08-10,0,-44
Hubei,湖北,2024-06-28,122,2024-08-10,0,-43
Hubei,湖北,2024-06-29,129,2024-08-10,0,-42
Hubei,湖北,2024-06-30,127,2024-08-10,0,-41
Hubei,湖北,2024-07-01,142,2024-08-10,0,-40
Hubei,湖北,2024-07-02,137,2024-08-10,0,-39
Hubei,湖北,2024-07-03,134,2024-08-10,0,-38
Hubei,湖北,2024-07-04,143,2024-08-10,0,-37
Hubei,湖北,2024-07-05,135,2024-08-10,0,-36
Hubei,湖北,2024-07-06,139,2024-08-10,0,-35
Hubei,湖北,2024-07-07,74,2024-08-10,0,-34
Hubei,湖北,2024-07-08,137,2024-08-10,0,-33
Hubei,湖北,2024-07-09,145,2024-08-10,0,-32
Hubei,湖北,2024-07-10,135,2024-08-10,0,-31
Hubei,湖北,2024-07-11,135,2024-08-10,0,-30
Hubei,湖北,2024-07-12,130,2024-08-10,0,-29
Hubei,湖北,2024-07-13,122,2024-08-10,0,-28
Hubei,湖北,2024-07-14,183,2024-08-10,0,-27
Hubei,湖北,2024-07-15,195,2024-08-10,0,-26
Hubei,湖北,2024-07-16,137,2024-08-10,0,-25
Hubei,湖北,2024-07-17,138,2024-08-10,0,-24
Hubei,湖北,2024-07-18,127,2024-08-10,0,-23
Hubei,湖北,2024-07-19,195,2024-08-10,0,-22
Hubei,湖北,2024-07-20,131,2024-08-10,0,-21
Hubei,湖北,2024-07-21,143,2024-08-10,0,-20
Hubei,湖北,2024-07-22,124,2024-08-10,0,-19
Hubei,湖北,2024-07-23,129,2024-08-10,0,-18
Hubei,湖北,2024-07-24,166,2024-08-10,0,-17
Hubei,湖北,2024-07-25,167,2024-08-10,0,-16
Hubei,湖北,2024-07-26,358,2024-08-10,0,-15
Hubei,湖北,2024-07-27,279,2024-08-10,0,-14
Hubei,湖北,2024-07-28,155,2024-08-10,0,-13
Hubei,湖北,2024-07-29,239,2024-08-10,0,-12
Hubei,湖北,2024-07-30,284,2024-08-10,0,-11
Hubei,湖北,2024-07-31,208,2024-08-10,0,-10
Hubei,湖北,2024-08-01,220,2024-08-10,0,-9
Hubei,湖北,2024-08-02,232,2024-08-10,0,-8
Hubei,湖北,2024-08-03,200,2024-08-10,0,-7
Hubei,湖北,2024-08-04,251,2024-08-10,0,-6
Hubei,湖北,2024-08-05,214,2024-08-10,0,-5
Hubei,湖北,2024-08-06,283,2024-08-10,0,-4
Hubei,湖北,2024-08-07,218,2024-08-10,0,-3
Hubei,湖北,2024-08-08,140,2024-08-10,0,-2
Hubei,湖北,2024-08-09,267,2024-08-10,0,-1
Hubei,湖北,2024-08-10,198,2024-08-10,1,0
Hubei,湖北,2024-08-11,188,2024-08-10,1,1
Hubei,湖北,2024-08-12,217,2024-08-10,1,2
Hubei,湖北,2024-08-13,222,2024-08-10,1,3
Hubei,湖北,2024-08-14,219,2024-08-10,1,4
Hubei,湖北,2024-08-15,202,2024-08-10,1,5
Hubei,湖北,2024-08-16,283,2024-08-10,1,6
Hubei,湖北,2024-08-17,228,2024-08-10,1,7
Hubei,湖北,2024-08-18,165,2024-08-10,1,8
Hubei,湖北,2024-08-19,283,2024-08-10,1,9
Hubei,湖北,2024-08-20,280,2024-08-10,1,10
Hubei,湖北,2024-08-21,291,2024-08-10,1,11
Hubei,湖北,2024-08-22,222,2024-08-10,1,12
Hubei,湖北,2024-08-23,146,2024-08-10,1,13
Hubei,湖北,2024-08-24,231,2024-08-10,1,14
Hubei,湖北,2024-08-25,212,2024-08-10,1,15
Hubei,湖北,2024-08-26,319,2024-08-10,1,16
Hubei,湖北,2024-08-27,313,2024-08-10,1,17
Hubei,湖北,2024-08-28,343,2024-08-10,1,18
Hubei,湖北,2024-08-29,308,2024-08-10,1,19
Hubei,湖北,2024-08-30,229,2024-08-10,1,20
Hubei,湖北,2024-08-31,283,2024-08-10,1,21
Hubei,湖北,2024-09-01,224,2024-08-10,1,22
Hubei,湖北,2024-09-02,318,2024-08-10,1,23
Hubei,湖北,2024-09-03,309,2024-08-10,1,24
Hubei,湖北,2024-09-04,316,2024-08-10,1,25
Hubei,湖北,2024-09-05,297,2024-08-10,1,26
Hubei,湖北,2024-09-06,279,2024-08-10,1,27
Hubei,湖北,2024-09-07,264,2024-08-10,1,28
Hubei,湖北,2024-09-08,271,2024-08-10,1,29
Hubei,湖北,2024-09-09,316,2024-08-10,1,30
Hubei,湖北,2024-09-10,331,2024-08-10,1,31
Hubei,湖北,2024-09-11,304,2024-08-10,1,32
Hubei,湖北,2024-09-12,291,2024-08-10,1,33
Hubei,湖北,2024-09-13,274,2024-08-10,1,34
Hubei,湖北,2024-09-14,287,2024-08-10,1,35
Hubei,湖北,2024-09-15,281,2024-08-10,1,36
Hubei,湖北,2024-09-16,223,2024-08-10,1,37
Hubei,湖北,2024-09-17,305,2024-08-10,1,38
Hubei,湖北,2024-09-18,322,2024-08-10,1,39
Hubei,湖北,2024-09-19,283,2024-08-10,1,40
Hubei,湖北,2024-09-20,295,2024-08-10,1,41
Hubei,湖北,2024-09-21,213,2024-08-10,1,42
Hubei,湖北,2024-09-22,266,2024-08-10,1,43
Hubei,湖北,2024-09-23,315,2024-08-10,1,44
Hubei,湖北,2024-09-24,311,2024-08-10,1,45
Hubei,湖北,2024-09-25,294,2024-08-10,1,46
Hubei,湖北,2024-09-26,294,2024-08-10,1,47
Hubei,湖北,2024-09-27,308,2024-08-10,1,48
Hubei,湖北,2024-09-28,277,2024-08-10,1,49
Hubei,湖北,2024-09-29,298,2024-08-10,1,50
Hubei,湖北,2024-09-30,283,2024-08-10,1,51
Hubei,湖北,2024-10-01,280,2024-08-10,1,52
Hubei,湖北,2024-10-02,264,2024-08-10,1,53
Hubei,湖北,2024-10-03,259,2024-08-10,1,54
Hubei,湖北,2024-10-04,265,2024-08-10,1,55
Hubei,湖北,2024-10-05,271,2024-08-10,1,56
Hubei,湖北,2024-10-06,223,2024-08-10,1,57
Hubei,湖北,2024-10-07,274,2024-08-10,1,58
Hubei,湖北,2024-10-08,300,2024-08-10,1,59
Hubei,湖北,2024-10-09,273,2024-08-10,1,60
Hubei,湖北,2024-10-10,273,2024-08-10,1,61
Hubei,湖北,2024-10-11,318,2024-08-10,1,62
Hubei,湖北,2024-10-12,268,2024-08-10,1,63
Hubei,湖北,2024-10-13,270,2024-08-10,1,64
Hubei,湖北,2024-10-14,305,2024-08-10,1,65
Hubei,湖北,2024-10-15,304,2024-08-10,1,66
Hubei,湖北,2024-10-16,312,2024-08-10,1,67
Hubei,湖北,2024-10-17,296,2024-08-10,1,68
Hubei,湖北,2024-10-18,303,2024-08-10,1,69
Hubei,湖北,2024-10-19,249,2024-08-10,1,70
Hubei,湖北,2024-10-20,260,2024-08-10,1,71
Hubei,湖北,2024-10-21,328,2024-08-10,1,72
Hubei,湖北,2024-10-22,327,2024-08-10,1,73
Hubei,湖北,2024-10-23,321,2024-08-10,1,74
Hubei,湖北,2024-10-24,319,2024-08-10,1,75
Hubei,湖北,2024-10-25,285,2024-08-10,1,76
Hubei,湖北,2024-10-26,212,2024-08-10,1,77
Hubei,湖北,2024-10-27,295,2024-08-10,1,78
Hubei,湖北,2024-10-28,326,2024-08-10,1,79
Hubei,湖北,2024-10-29,286,2024-08-10,1,80
Hubei,湖北,2024-10-30,241,2024-08-10,1,81
Hubei,湖北,2024-10-31,294,2024-08-10,1,82
Hubei,湖北,2024-11-01,288,2024-08-10,1,83
Hubei,湖北,2024-11-02,272,2024-08-10,1,84
Hubei,湖北,2024-11-03,236,2024-08-10,1,85
Hubei,湖北,2024-11-04,288,2024-08-10,1,86
Hubei,湖北,2024-11-05,272,2024-08-10,1,87
Hubei,湖北,2024-11-06,265,2024-08-10,1,88
Hubei,湖北,2024-11-07,303,2024-08-10,1,89
Hubei,湖北,2024-11-08,326,2024-08-10,1,90
Hubei,湖北,2024-11-09,280,2024-08-10,1,91
Hubei,湖北,2024-11-10,294,2024-08-10,1,92
Hubei,湖北,2024-11-11,300,2024-08-10,1,93
Hubei,湖北,2024-11-12,281,2024-08-10,1,94
Hubei,湖北,2024-11-13,275,2024-08-10,1,95
Hubei,湖北,2024-11-14,311,2024-08-10,1,96
Hubei,湖北,2024-11-15,305,2024-08-10,1,97
Hubei,湖北,2024-11-16,269,2024-08-10,1,98
Hubei,湖北,2024-11-17,288,2024-08-10,1,99
Hubei,湖北,2024-11-18,326,2024-08-10,1,100
Hubei,湖北,2024-11-19,276,2024-08-10,1,101
Hubei,湖北,2024-11-20,322,2024-08-10,1,102
Hubei,湖北,2024-11-21,245,2024-08-10,1,103
Hubei,湖北,2024-11-22,367,2024-08-10,1,104
Hubei,湖北,2024-11-23,294,2024-08-10,1,105
Hubei,湖北,2024-11-24,270,2024-08-10,1,106
Hubei,湖北,2024-11-25,228,2024-08-10,1,107
Hubei,湖北,2024-11-26,285,2024-08-10,1,108
Hubei,湖北,2024-11-27,267,2024-08-10,1,109
Hubei,湖北,2024-11-28,268,2024-08-10,1,110
Hubei,湖北,2024-11-29,270,2024-08-10,1,111
Hubei,湖北,2024-11-30,256,2024-08-10,1,112
Hubei,湖北,2024-12-01,260,2024-08-10,1,113
Hubei,湖北,2024-12-02,263,2024-08-10,1,114
Hubei,湖北,2024-12-03,265,2024-08-10,1,115
Hubei,湖北,2024-12-04,288,2024-08-10,1,116
Hubei,湖北,2024-12-05,283,2024-08-10,1,117
Hubei,湖北,2024-12-06,277,2024-08-10,1,118
Hubei,湖北,2024-12-07,264,2024-08-10,1,119
Hubei,湖北,2024-12-08,271,2024-08-10,1,120
Hubei,湖北,2024-12-09,278,2024-08-10,1,121
Hubei,湖北,2024-12-10,284,2024-08-10,1,122
Hubei,湖北,2024-12-11,204,2024-08-10,1,123
Hubei,湖北,2024-12-12,285,2024-08-10,1,124
Hubei,湖北,2024-12-13,271,2024-08-10,1,125
Hubei,湖北,2024-12-14,256,2024-08-10,1,126
Hubei,湖北,2024-12-15,256,2024-08-10,1,127
Hubei,湖北,2024-12-16,272,2024-08-10,1,128
Hubei,湖北,2024-12-17,264,2024-08-10,1,129
Hubei,湖北,2024-12-18,257,2024-08-10,1,130
Hubei,湖北,2024-12-19,283,2024-08-10,1,131
Hubei,湖北,2024-12-20,248,2024-08-10,1,132
Hubei,湖北,2024-12-21,202,2024-08-10,1,133
Hubei,湖北,2024-12-22,186,2024-08-10,1,134
Hubei,湖北,2024-12-23,260,2024-08-10,1,135
Hubei,湖北,2024-12-24,266,2024-08-10,1,136
Hubei,湖北,2024-12-25,244,2024-08-10,1,137
Hubei,湖北,2024-12-26,188,2024-08-10,1,138
Hubei,湖北,2024-12-27,267,2024-08-10,1,139
Hubei,湖北,2024-12-28,186,2024-08-10,1,140
Hubei,湖北,2024-12-29,182,2024-08-10,1,141
Hubei,湖北,2024-12-30,268,2024-08-10,1,142
Hubei,湖北,2024-12-31,206,2024-08-10,1,143
Henan,河南,2024-06-01,134,2024-09-10,0,-101
Henan,河南,2024-06-02,153,2024-09-10,0,-100
Henan,河南,2024-06-03,174,2024-09-10,0,-99
Henan,河南,2024-06-04,171,2024-09-10,0,-98
Henan,河南,2024-06-05,163,2024-09-10,0,-97
Henan,河南,2024-06-06,147,2024-09-10,0,-96
Henan,河南,2024-06-07,160,2024-09-10,0,-95
Henan,河南,2024-06-08,133,2024-09-10,0,-94
Henan,河南,2024-06-09,146,2024-09-10,0,-93
Henan,河南,2024-06-10,199,2024-09-10,0,-92
Henan,河南,2024-06-11,160,2024-09-10,0,-91
Henan,河南,2024-06-12,166,2024-09-10,0,-90
Henan,河南,2024-06-13,139,2024-09-10,0,-89
Henan,河南,2024-06-14,155,2024-09-10,0,-88
Henan,河南,2024-06-15,132,2024-09-10,0,-87
Henan,河南,2024-06-16,137,2024-09-10,0,-86
Henan,河南,2024-06-17,216,2024-09-10,0,-85
Henan,河南,2024-06-18,144,2024-09-10,0,-84
Henan,河南,2024-06-19,143,2024-09-10,0,-83
Henan,河南,2024-06-20,152,2024-09-10,0,-82
Henan,河南,2024-06-21,149,2024-09-10,0,-81
Henan,河南,2024-06-22,130,2024-09-10,0,-80
Henan,河南,2024-06-23,146,2024-09-10,0,-79
Henan,河南,2024-06-24,139,2024-09-10,0,-78
Henan,河南,2024-06-25,203,2024-09-10,0,-77
Henan,河南,2024-06-26,142,2024-09-10,0,-76
Henan,河南,2024-06-27,151,2024-09-10,0,-75
Henan,河南,2024-06-28,156,2024-09-10,0,-74
Henan,河南,2024-06-29,154,2024-09-10,0,-73
Henan,河南,2024-06-30,135,2024-09-10,0,-72
Henan,河南,2024-07-01,149,2024-09-10,0,-71
Henan,河南,2024-07-02,261,2024-09-10,0,-70
Henan,河南,2024-07-03,146,2024-09-10,0,-69
Henan,河南,2024-07-04,156,2024-09-10,0,-68
Henan,河南,2024-07-05,138,2024-09-10,0,-67
Henan,河南,2024-07-06,133,2024-09-10,0,-66
Henan,河南,2024-07-07,132,2024-09-10,0,-65
Henan,河南,2024-07-08,133,2024-09-10,0,-64
Henan,河南,2024-07-09,148,2024-09-10,0,-63
Henan,河南,2024-07-10,158,2024-09-10,0,-62
Henan,河南,2024-07-11,138,2024-09-10,0,-61
Henan,河南,2024-07-12,145,2024-09-10,0,-60
Henan,河南,2024-07-13,137,2024-09-10,0,-59
Henan,河南,2024-07-14,134,2024-09-10,0,-58
Henan,河南,2024-07-15,147,2024-09-10,0,-57
Henan,河南,2024-07-16,143,2024-09-10,0,-56
Henan,河南,2024-07-17,137,2024-09-10,0,-55
Henan,河南,2024-07-18,152,2024-09-10,0,-54
Henan,河南,2024-07-19,149,2024-09-10,0,-53
Henan,河南,2024-07-20,151,2024-09-10,0,-52
Henan,河南,2024-07-21,142,2024-09-10,0,-51
Henan,河南,2024-07-22,144,2024-09-10,0,-50
Henan,河南,2024-07-23,158,2024-09-10,0,-49
Henan,河南,2024-07-24,220,2024-09-10,0,-48
Henan,河南,2024-07-25,365,2024-09-10,0,-47
Henan,河南,2024-07-26,388,2024-09-10,0,-46
Henan,河南,2024-07-27,304,2024-09-10,0,-45
Henan,河南,2024-07-28,266,2024-09-10,0,-44
Henan,河南,2024-07-29,318,2024-09-10,0,-43
Henan,河南,2024-07-30,300,2024-09-10,0,-42
Henan,河南,2024-07-31,248,2024-09-10,0,-41
Henan,河南,2024-08-01,214,2024-09-10,0,-40
Henan,河南,2024-08-02,169,2024-09-10,0,-39
Henan,河南,2024-08-03,210,2024-09-10,0,-38
Henan,河南,2024-08-04,213,2024-09-10,0,-37
Henan,河南,2024-08-05,227,2024-09-10,0,-36
Henan,河南,2024-08-06,289,2024-09-10,0,-35
Henan,河南,2024-08-07,219,2024-09-10,0,-34
Henan,河南,2024-08-08,277,2024-09-10,0,-33
Henan,河南,2024-08-09,276,2024-09-10,0,-32
Henan,河南,2024-08-10,198,2024-09-10,0,-31
Henan,河南,2024-08-11,257,2024-09-10,0,-30
Henan,河南,2024-08-12,287,2024-09-10,0,-29
Henan,河南,2024-08-13,253,2024-09-10,0,-28
Henan,河南,2024-08-14,255,2024-09-10,0,-27
Henan,河南,2024-08-15,238,2024-09-10,0,-26
Henan,河南,2024-08-16,227,2024-09-10,0,-25
Henan,河南,2024-08-17,235,2024-09-10,0,-24
Henan,河南,2024-08-18,197,2024-09-10,0,-23
Henan,河南,2024-08-19,219,2024-09-10,0,-22
Henan,河南,2024-08-20,158,2024-09-10,0,-21
Henan,河南,2024-08-21,215,2024-09-10,0,-20
Henan,河南,2024-08-22,226,2024-09-10,0,-19
Henan,河南,2024-08-23,219,2024-09-10,0,-18
Henan,河南,2024-08-24,218,2024-09-10,0,-17
Henan,河南,2024-08-25,236,2024-09-10,0,-16
Henan,河南,2024-08-26,339,2024-09-10,0,-15
Henan,河南,2024-08-27,310,2024-09-10,0,-14
Henan,河南,2024-08-28,314,2024-09-10,0,-13
Henan,河南,2024-08-29,333,2024-09-10,0,-12
Henan,河南,2024-08-30,317,2024-09-10,0,-11
Henan,河南,2024-08-31,312,2024-09-10,0,-10
Henan,河南,2024-09-01,306,2024-09-10,0,-9
Henan,河南,2024-09-02,316,2024-09-10,0,-8
Henan,河南,2024-09-03,319,2024-09-10,0,-7
Henan,河南,2024-09-04,326,2024-09-10,0,-6
Henan,河南,2024-09-05,312,2024-09-10,0,-5
Henan,河南,2024-09-06,300,2024-09-10,0,-4
Henan,河南,2024-09-07,288,2024-09-10,0,-3
Henan,河南,2024-09-08,308,2024-09-10,0,-2
Henan,河南,2024-09-09,319,2024-09-10,0,-1
Henan,河南,2024-09-10,328,2024-09-10,1,0
Henan,河南,2024-09-11,363,2024-09-10,1,1
Henan,河南,2024-09-12,374,2024-09-10,1,2
Henan,河南,2024-09-13,364,2024-09-10,1,3
Henan,河南,2024-09-14,356,2024-09-10,1,4
Henan,河南,2024-09-15,346,2024-09-10,1,5
Henan,河南,2024-09-16,317,2024-09-10,1,6
Henan,河南,2024-09-17,439,2024-09-10,1,7
Henan,河南,2024-09-18,378,2024-09-10,1,8
Henan,河南,2024-09-19,369,2024-09-10,1,9
Henan,河南,2024-09-20,393,2024-09-10,1,10
Henan,河南,2024-09-21,373,2024-09-10,1,11
Henan,河南,2024-09-22,339,2024-09-10,1,12
Henan,河南,2024-09-23,410,2024-09-10,1,13
Henan,河南,2024-09-24,401,2024-09-10,1,14
Henan,河南,2024-09-25,369,2024-09-10,1,15
Henan,河南,2024-09-26,355,2024-09-10,1,16
Henan,河南,2024-09-27,391,2024-09-10,1,17
Henan,河南,2024-09-28,333,2024-09-10,1,18
Henan,河南,2024-09-29,382,2024-09-10,1,19
Henan,河南,2024-09-30,338,2024-09-10,1,20
Henan,河南,2024-10-01,332,2024-09-10,1,21
Henan,河南,2024-10-02,327,2024-09-10,1,22
Henan,河南,2024-10-03,329,2024-09-10,1,23
Henan,河南,2024-10-04,304,2024-09-10,1,24
Henan,河南,2024-10-05,324,2024-09-10,1,25
Henan,河南,2024-10-06,313,2024-09-10,1,26
Henan,河南,2024-10-07,324,2024-09-10,1,27
Henan,河南,2024-10-08,342,2024-09-10,1,28
Henan,河南,2024-10-09,320,2024-09-10,1,29
Henan,河南,2024-10-10,325,2024-09-10,1,30
Henan,河南,2024-10-11,363,2024-09-10,1,31
Henan,河南,2024-10-12,328,2024-09-10,1,32
Henan,河南,2024-10-13,304,2024-09-10,1,33
Henan,河南,2024-10-14,358,2024-09-10,1,34
Henan,河南,2024-10-15,356,2024-09-10,1,35
Henan,河南,2024-10-16,350,2024-09-10,1,36
Henan,河南,2024-10-17,349,2024-09-10,1,37
Henan,河南,2024-10-18,337,2024-09-10,1,38
Henan,河南,2024-10-19,300,2024-09-10,1,39
Henan,河南,2024-10-20,326,2024-09-10,1,40
Henan,河南,2024-10-21,391,2024-09-10,1,41
Henan,河南,2024-10-22,383,2024-09-10,1,42
Henan,河南,2024-10-23,315,2024-09-10,1,43
Henan,河南,2024-10-24,339,2024-09-10,1,44
Henan,河南,2024-10-25,314,2024-09-10,1,45
Henan,河南,2024-10-26,277,2024-09-10,1,46
Henan,河南,2024-10-27,331,2024-09-10,1,47
Henan,河南,2024-10-28,335,2024-09-10,1,48
Henan,河南,2024-10-29,343,2024-09-10,1,49
Henan,河南,2024-10-30,336,2024-09-10,1,50
Henan,河南,2024-10-31,317,2024-09-10,1,51
Henan,河南,2024-11-01,307,2024-09-10,1,52
Henan,河南,2024-11-02,292,2024-09-10,1,53
Henan,河南,2024-11-03,259,2024-09-10,1,54
Henan,河南,2024-11-04,301,2024-09-10,1,55
Henan,河南,2024-11-05,327,2024-09-10,1,56
Henan,河南,2024-11-06,284,2024-09-10,1,57
Henan,河南,2024-11-07,294,2024-09-10,1,58
Henan,河南,2024-11-08,328,2024-09-10,1,59
Henan,河南,2024-11-09,278,2024-09-10,1,60
Henan,河南,2024-11-10,232,2024-09-10,1,61
Henan,河南,2024-11-11,304,2024-09-10,1,62
Henan,河南,2024-11-12,305,2024-09-10,1,63
Henan,河南,2024-11-13,297,2024-09-10,1,64
Henan,河南,2024-11-14,337,2024-09-10,1,65
Henan,河南,2024-11-15,336,2024-09-10,1,66
Henan,河南,2024-11-16,329,2024-09-10,1,67
Henan,河南,2024-11-17,456,2024-09-10,1,68
Henan,河南,2024-11-18,349,2024-09-10,1,69
Henan,河南,2024-11-19,343,2024-09-10,1,70
Henan,河南,2024-11-20,378,2024-09-10,1,71
Henan,河南,2024-11-21,358,2024-09-10,1,72
Henan,河南,2024-11-22,744,2024-09-10,1,73
Henan,河南,2024-11-23,374,2024-09-10,1,74
Henan,河南,2024-11-24,276,2024-09-10,1,75
Henan,河南,2024-11-25,335,2024-09-10,1,76
Henan,河南,2024-11-26,258,2024-09-10,1,77
Henan,河南,2024-11-27,293,2024-09-10,1,78
Henan,河南,2024-11-28,301,2024-09-10,1,79
Henan,河南,2024-11-29,283,2024-09-10,1,80
Henan,河南,2024-11-30,288,2024-09-10,1,81
Henan,河南,2024-12-01,273,2024-09-10,1,82
Henan,河南,2024-12-02,299,2024-09-10,1,83
Henan,河南,2024-12-03,301,2024-09-10,1,84
Henan,河南,2024-12-04,299,2024-09-10,1,85
Henan,河南,2024-12-05,298,2024-09-10,1,86
Henan,河南,2024-12-06,282,2024-09-10,1,87
Henan,河南,2024-12-07,216,2024-09-10,1,88
Henan,河南,2024-12-08,230,2024-09-10,1,89
Henan,河南,2024-12-09,288,2024-09-10,1,90
Henan,河南,2024-12-10,285,2024-09-10,1,91
Henan,河南,2024-12-11,299,2024-09-10,1,92
Henan,河南,2024-12-12,281,2024-09-10,1,93
Henan,河南,2024-12-13,282,2024-09-10,1,94
Henan,河南,2024-12-14,229,2024-09-10,1,95
Henan,河南,2024-12-15,281,2024-09-10,1,96
Henan,河南,2024-12-16,304,2024-09-10,1,97
Henan,河南,2024-12-17,277,2024-09-10,1,98
Henan,河南,2024-12-18,289,2024-09-10,1,99
Henan,河南,2024-12-19,308,2024-09-10,1,100
Henan,河南,2024-12-20,285,2024-09-10,1,101
Henan,河南,2024-12-21,209,2024-09-10,1,102
Henan,河南,2024-12-22,203,2024-09-10,1,103
Henan,河南,2024-12-23,282,2024-09-10,1,104
Henan,河南,2024-12-24,362,2024-09-10,1,105
Henan,河南,2024-12-25,276,2024-09-10,1,106
Henan,河南,2024-12-26,261,2024-09-10,1,107
Henan,河南,2024-12-27,197,2024-09-10,1,108
Henan,河南,2024-12-28,214,2024-09-10,1,109
Henan,河南,2024-12-29,202,2024-09-10,1,110
Henan,河南,2024-12-30,277,2024-09-10,1,111
Henan,河南,2024-12-31,286,2024-09-10,1,112
